il,ad,kategori,etiketler,puan,yorum_sayisi,adres,telefon,fiyat,enlem,boylam,maps_url,foto_url,not
Adana,Kaya Kebap,Kebap Restoranı,Kebap,4.9,20340,"Hurmalı, 34006. Sk. No:6, 01060 Seyhan/Adana",+90 322 436 76 66,2,36.989631,35.319921,https://maps.google.com/?cid=8119886891702572188,,
Adana,Şendoğan Kebap ve Lahmacun Salonu,Kebap Restoranı,Kebap|Lahmacun & Pide,4.7,1252,"Subaşılar Sitesi, Yeşilyurt, 71181. Sk. No:29/D Altı, 01150 Seyhan/Adana",+90 322 226 19 26,2,37.0276192,35.3020784,https://maps.google.com/?cid=8624495724687370202,,
Adana,Müze Kebap Hastat,Restoran,Kebap,4.9,870,"Yeşiloba, 46253 sok No.21, 01100 Seyhan/Adana",+90 553 841 86 62,2,36.9864635,35.25499250000001,https://maps.google.com/?cid=6549149153499005333,,
Adana,Pote | Gazipaşa,Restoran,Lokanta,4.5,1555,"Cemalpaşa, Bahar Cd. No:6, 01030 Seyhan/Adana",+90 542 175 15 15,2,37.000607699999996,35.3287147,https://maps.google.com/?cid=15204111821186594282,,
Adana,Öz Asmaaltı Kebap Salonu,Kebap Restoranı,Kebap,4.3,2080,"Kuruköprü, Pazarlar Cd. No:11, 01060 Seyhan/Adana",+90 322 351 17 75,2,36.986111099999995,35.3247222,https://maps.google.com/?cid=15037642706838920440,,
Adana,Şen Çorba Salonu,Restoran,Çorba,4.6,1071,"Sucuzade, 30101. Sk. No:38A, 01030 Seyhan/Adana",+90 322 359 83 38,1,36.9823658,35.3227725,https://maps.google.com/?cid=9449432925591461095,,
Adana,Faris Lokantası,Restoran,Sulu Yemek,4.5,898,"Yeşilyurt, 01140 Seyhan/Adana",+90 322 226 44 71,2,37.0122715,35.3053494,https://maps.google.com/?cid=13466686323135135404,,
Adıyaman,Ziyaoğlu Adana Ocakbaşı,Restoran,Kebap,4.5,844,"Yenipınar Erdem Caddesi 311. Sokak, Yenipınar, 311. Sk. No:17 No:18, 02100 Adıyaman Merkez/Adıyaman",+90 416 213 37 17,2,37.7615359,38.2784451,https://maps.google.com/?cid=147354925574458959,,
Adıyaman,Kudr Et Restoran Adıyaman,Restoran,Lokanta,4.7,391,"Altınşehir mah. Eski Besni cad, güloğlu pastanesi arkası, Altınşehir, 3026. Sk. no16, 02200 Adıyaman Merkez/Adıyaman",+90 416 202 20 00,2,37.7384001,38.230852,https://maps.google.com/?cid=6044729640757904727,,
Adıyaman,Çiğköfteci Fehmi Usta ve Ev Yemekleri,Türk restoranı,Köfte|Sulu Yemek,4.8,314,"Barbaros Hayrettin, Karapınar Cd. No:50, 02040 Adıyaman Merkez/Adıyaman",+90 530 300 40 01,1,37.76047390000001,38.2551546,https://maps.google.com/?cid=16260398586990430610,,
Adıyaman,Adıyaman Sofrası (MUZAFFER ŞEF),Restoran,Sulu Yemek,4.6,194,"Ulucami, Gölbaşı Cd. 58/A Q75F+X6M, 02100 Adıyaman Merkez/Adıyaman",+90 501 030 99 02,2,37.7600294,38.272985999999996,https://maps.google.com/?cid=11473012091067021099,,
Adıyaman,Laz'ın Yeri,Restoran,Lokanta,4.3,182,"Altınşehir, 3029. Sk. no:5/C, 02100 Adıyaman Merkez/Adıyaman",+90 416 223 18 19,2,37.7390331,38.2301066,https://maps.google.com/?cid=6358757055570142961,,
Adıyaman,Adıyaman Kebap Salonu,Kebap Restoranı,Kebap,4.4,135,"Musalla, Atatürk Cd. No:72, 02100 Adıyaman Merkez/Adıyaman",+90 416 214 09 71,2,37.7580807,38.2774506,https://maps.google.com/?cid=13678711181226603962,,
Adıyaman,Lezzet Kebap,Kebap Restoranı,Kebap,4.3,103,"Turgut Reis, Zey Cd. No:15, 02200 Adıyaman Merkez/Adıyaman",+90 416 213 97 59,,37.7581954,38.2591604,https://maps.google.com/?cid=16960312456624394077,,
Adıyaman,HATUN SOFRASI,Restoran,Sulu Yemek,4.9,55,"Altınşehir, Gökkuşağı Cd. 19/A, 02000 Adıyaman Merkez/Adıyaman",+90 546 216 36 99,2,37.737004999999996,38.225878,https://maps.google.com/?cid=13168513905009531981,,
Adıyaman,Birtat lokantası,Restoran,Sulu Yemek,4.3,86,"Yenipınar, 308. Sk. no:2e, 02100 Adıyaman Merkez/Adıyaman",+90 532 573 02 02,1,37.7608757,38.2774706,https://maps.google.com/?cid=17716648629209449654,,
Adıyaman,Başak Lokantası,Restoran,Sulu Yemek,4.4,72,"Yenipınar, Harıkçı Cd No:23, 02100 Adıyaman Merkez/Adıyaman",+90 416 216 62 77,1,37.760369600000004,38.2789348,https://maps.google.com/?cid=2765655803730272878,,
Afyonkarahisar,Salim Usta Uzun Çarşı,Restoran,Lokanta,4.5,9419,"Millet Caddesi, Uzun Çarşı Gç. No:27 A, 03200 Afyonkarahisar Merkez/Afyonkarahisar",+90 272 213 20 14,2,38.7560068,30.5382646,https://maps.google.com/?cid=4908113991069660017,,
Afyonkarahisar,Aşçı Bacaksız,Kebap Restoranı,Kebap,4.5,4480,"Karaman Mah, Yeni Saraçlar Çarşısı Sk No:59/A, 03100 Afyonkarahisar Merkez/Afyonkarahisar",+90 272 215 20 97,2,38.754948999999996,30.537613300000004,https://maps.google.com/?cid=16158134710541486810,,
Afyonkarahisar,Musakka Restaurant,Restoran,Lokanta,4.5,2919,"Burmalı, Basın Cd. No:10, 03030 Afyonkarahisar Merkez/Afyonkarahisar",,2,38.7565714,30.538231800000002,https://maps.google.com/?cid=18378963618328399884,,
Afyonkarahisar,Numan Usta Döner ve Kebap,Aile restoranı,Kebap|Döner,4.3,4045,"Burmalı, 22. Sk. No:10, 03100 Afyonkarahisar Merkez/Afyonkarahisar",+90 272 214 40 30,2,38.7562225,30.5387874,https://maps.google.com/?cid=2515107927082392053,,
Afyonkarahisar,Hakan Çıray Lokantası,Restoran,Sulu Yemek,4.7,1990,"Uzun Çarşı, Tarihi Turunç Hanı, Burmalı, Millet Cd Kat:1 No:50, 03030 Afyonkarahisar Merkez/Afyonkarahisar",+90 507 405 25 03,2,38.7556657,30.5362164,https://maps.google.com/?cid=5193062921575902256,,
Afyonkarahisar,Afyonkarahisar Gastronomi Konağı,Türk restoranı,Türk restoranı,4.3,2206,"Çavuşbaş, Ulu Güllük Cd. No:71, 03200 Afyonkarahisar Merkez/Afyonkarahisar",+90 272 214 42 55,2,38.758796,30.532946100000004,https://maps.google.com/?cid=5236980003628023193,,
Afyonkarahisar,Salim Usta Çevre Yolu Şubesi,Restoran,Lokanta,4.4,552,"Afyon TR, Hürriyet, Atatürk Blv. 6/1, 03211 Erkmen/Afyonkarahisar Merkez/Afyonkarahisar",+90 545 459 03 03,2,38.7805878,30.488429300000004,https://maps.google.com/?cid=1726200450784838948,,
Afyonkarahisar,Hakan Çıray Lokantası 2. Şube,Restoran,Sulu Yemek,4.7,288,"Burmalı, Basın Cd. Sağlık Sitesi No:20/A, 03100 Afyonkarahisar Merkez/Afyonkarahisar",+90 553 654 66 03,2,38.7564473,30.53803,https://maps.google.com/?cid=17496986357488353690,,
Afyonkarahisar,Beşler Restoran,Restoran,Lokanta,4.3,398,"Cumhuriyet, İsmet İnönü Cd. No:61, 03140 Afyonkarahisar Merkez/Afyonkarahisar",+90 272 215 20 26,2,38.7552119,30.553656699999998,https://maps.google.com/?cid=13838909090539158380,,
Afyonkarahisar,Narin Lokantası,Restoran,Sulu Yemek,4.6,252,"Umurbey, Dervişpaşa Cd. 3a, 03100 Afyonkarahisar Merkez/Afyonkarahisar",+90 541 240 23 30,2,38.7563278,30.53883,https://maps.google.com/?cid=4893903632621348205,,
Ağrı,Sultan Sofrası,Restoran,Sulu Yemek,4.3,730,"Yavuz, Kağızman Cd. No:7, 04100 Ağrı Merkez/Ağrı",+90 472 216 49 05,2,39.7201273,43.0505101,https://maps.google.com/?cid=5301968974271426730,,
Ağrı,Meşhur Ağrı Dönercisi,Restoran,Döner,4.3,238,"Yavuz, Nevzat Güngör Cd., 04100 Ağrı Merkez/Ağrı",,2,39.720595599999996,43.051773000000004,https://maps.google.com/?cid=9064859381312791487,,
Amasya,Küçükağa Restaurant,Restoran,Lokanta,4.6,7128,"Şamlar, Zübeyde Hanım Cd. No:25, 05200 Amasya Merkez/Amasya",+90 358 212 91 90,2,40.6591409,35.833424099999995,https://maps.google.com/?cid=624776674561771350,,
Amasya,Başkent Aspava Restorant,Restoran,Lokanta,4.3,3973,"Hızırpaşa, Necip Fazıl Cd. No:7/C, 05100 Amasya Merkez/Amasya",+90 358 213 06 08,2,40.6507307,35.8117787,https://maps.google.com/?cid=6848477434035209195,,
Amasya,Kalepark Cafe&Restaurant,Restoran,Lokanta,4.5,2514,"Amasya kalesi, İhsaniye, Kolbaşı Sk. No:39/A, 05000 Amasya Merkez/Amasya",+90 358 212 73 73,2,40.657777599999996,35.8274921,https://maps.google.com/?cid=17357179491614246722,,
Amasya,Meat Works Amasya,Restoran,Lokanta,4.8,1503,"MEAT WORKS, Hızırpaşa, Kazım Karabekir paşa caddesi no:17/1-A, 05100 Amasya Merkez/Amasya",+90 543 122 05 05,2,40.652229299999995,35.816667599999995,https://maps.google.com/?cid=4136263105904184305,,
Amasya,Amasya Anadolu Mantı Evi,Mantıcı,Mantı,4.4,2329,"Hatuniye, Hazeranlar Sk. No:57/A, 05100 Amasya Merkez/Amasya",+90 358 212 30 30,2,40.6517343,35.827498399999996,https://maps.google.com/?cid=3275924063404576356,,
Amasya,Çorba Konağı_Amasya,Restoran,Çorba,4.9,993,"Hatuniye mahallesi şifre sokak 4 İçeri şehir madenus köprü başı, Hatuniye, 05300 Amasya Merkez/Amasya",+90 531 285 44 05,2,40.6517543,35.8261506,https://maps.google.com/?cid=14339264849075544519,,
Amasya,By Etçii,Restoran,Lokanta,4.9,906,"Akbilek, elvan çelebi cad 16/a, 05100 Amasya Merkez/Amasya",+90 501 555 89 05,2,40.6455454,35.8018238,https://maps.google.com/?cid=9256166010348586613,,
Amasya,Gaziantepli Yılmaz Usta,Restoran,Lokanta,4.5,1639,"Dere, Mustafa Kemal Paşa Cd. Özel İdare İş Hanı No:21, 05100 Amasya Merkez/Amasya",+90 358 213 06 27,2,40.650789,35.831575099999995,https://maps.google.com/?cid=5742322534903555206,,
Amasya,Şahin Pide&Tabildot,Restoran,Lahmacun & Pide,4.8,293,"ŞAHİN PİDE SALONU, Pirinççi, Mehmet Paşa Cd. NO.15/A, 05200 Amasya Merkez/Amasya",+90 543 810 20 46,2,40.6563297,35.835240299999995,https://maps.google.com/?cid=16753126769005921167,,
Amasya,Pidecim Kasap & Şarkuteri - Kahvaltı & Çorba,Restoran,Çorba|Lahmacun & Pide|Kahvaltı,4.7,289,"Dere, Özkan Yalçın Cd. No:12, 05100 Amasya Merkez/Amasya",+90 501 188 05 05,2,40.65058990000001,35.8316102,https://maps.google.com/?cid=16669510752723369756,,
Ankara,Site 2 Lokantası Abdurrahman Küçük Ovacık,Restoran,Sulu Yemek,4.6,9105,"Ovacık, Yozgat Blv. No:64B-11, 06280 Keçiören/Ankara",+90 540 428 01 53,2,40.0081372,32.8255488,https://maps.google.com/?cid=1143146851224962066,,
Ankara,Site 2 Lokantası Siteler,Restoran,Sulu Yemek,4.7,4896,"Önder, Karacakaya Cd. No:161 D:C, 06165 Altındağ/Ankara",+90 312 350 23 70,2,39.955129299999996,32.9093081,https://maps.google.com/?cid=15688079987394615629,,
Ankara,Çukurağa Sofrası,Restoran,Sulu Yemek,4.4,4677,"Emek, Bosna Hersek Cd. No: 22 D:C, 06490 Çankaya/Ankara",+90 312 223 09 63,2,39.916782999999995,32.818723999999996,https://maps.google.com/?cid=17826352799761103624,,
Ankara,Göksu Lokantaları - Kızılay,Restoran,Sulu Yemek,4.7,2257,"Kızılay, Bayındır-1 Sk. No: 22, 06410 Çankaya/Ankara",+90 312 431 47 27,,39.9219444,32.856944399999996,https://maps.google.com/?cid=12729714169886624967,,
Ankara,Sütlü Kavurma Ankara,Restoran,Lokanta,4.4,2214,"Taşkent Caddesi, Yukarı Bahçelievler, eski 1.cadde 129/B, 06320 Çankaya/Ankara",+90 536 966 63 47,2,39.920674,32.8320842,https://maps.google.com/?cid=16307358453838457340,,
Ankara,Çiçek Lokantası,Türk restoranı,Sulu Yemek,4.3,2489,"Söğütözü, 2176. Sk. 5/45, 06510 Çankaya/Ankara",+90 312 284 08 88,2,39.9100317,32.7987245,https://maps.google.com/?cid=17566167610737344862,,
Ankara,Tarihi Mutfak Lokantası,Restoran,Sulu Yemek,4.3,2447,"Kocatepe, Mithatpaşa Cd. No:64 D:B, 06420 Çankaya/Ankara",+90 312 418 75 00,2,39.9188136,32.8595196,https://maps.google.com/?cid=11057320496893039177,,
Ankara,Bolu Akın Lokantası,Restoran,Sulu Yemek,4.3,2268,"No:, Macun, 187. Cd. No:8, 06374 Yenimahalle/Ankara",+90 312 397 73 06,2,39.946760499999996,32.7644819,https://maps.google.com/?cid=9013056192654062133,,
Ankara,Erdem 1071 Et Lokantası,Restoran,Et|Sulu Yemek,4.5,1451,"Kızılırmak Mah. 1444. Cad, Çukurambar, 1071 Usta Plaza No:25 D:1, 06510 Çankaya/Ankara",+90 501 366 49 48,2,39.9080806,32.8130685,https://maps.google.com/?cid=8882315320552042947,,
Ankara,Çankaya Lokantası,Türk restoranı,Sulu Yemek,4.3,1691,"Güzeltepe, Hoşdere Cd. No:228-0312 438 D:24 96, 06690 Çankaya/Ankara",+90 312 438 24 96,2,39.8848645,32.8547363,https://maps.google.com/?cid=15237263098547632077,,
Antalya,Balkan Lokantası,Restoran,Sulu Yemek,4.6,3268,"nallı yücesan apartmanı, Kültür, 3805. Sk., 07010 Kepez/Antalya",+90 242 226 12 26,2,36.9023945,30.654010999999997,https://maps.google.com/?cid=16480336879651722420,,
Antalya,Can Can Pide Yemek Salonu,Orta Doğu Restoranı,Lahmacun & Pide,4.5,1982,"Akkaşoğlu Apt, H. İşcan Mah, Arık Cd. 4/A, 07100 Muratpaşa/Antalya",+90 242 243 25 48,2,36.8852239,30.710755499999994,https://maps.google.com/?cid=9775706368314939000,,
Antalya,Balkan Lokantası,Restoran,Sulu Yemek,4.6,1351,"Meltem, Tarık Akıltopu Cd. No:5 D:4, 07030 Muratpaşa/Antalya",+90 533 252 63 86,2,36.889709499999995,30.676282200000003,https://maps.google.com/?cid=9052296747368185685,,
Antalya,Aybüke Hatun Orta Asya Yemekleri Restaurant & Cafe,Restoran,Lokanta,4.8,876,"Üç kapılar karşısında, Sinan, Atatürk Cd. Birlik İşhanı No25 Zemin kat, 07100 Muratpaşa/Antalya",+90 530 702 67 87,2,36.886246299999996,30.709055199999998,https://maps.google.com/?cid=11696744761211405039,,
Antalya,Baba Mutfağı Ev Yemekleri,Restoran,Sulu Yemek,4.9,738,"Haşimişcan, Sinan, 1251. Sk. No:24, 07100 Muratpaşa/Antalya",+90 541 133 40 41,2,36.8875694,30.709131199999998,https://maps.google.com/?cid=4468820274554754235,,
Antalya,Üstat lokantası,Restoran,Sulu Yemek,4.5,930,"Haşimişcan, Recep Peker Cd. mandıroğlu iş merkezi no 12, 07010 Muratpaşa/Antalya",+90 553 335 34 07,2,36.8854347,30.7106025,https://maps.google.com/?cid=2354043919322147822,,
Antalya,Özkan Kebap,Restoran,Kebap,4.4,1013,"Sinan, 1253. Sk. 8/A, 07100 Muratpaşa/Antalya",+90 242 244 84 01,1,36.886739,30.708944199999998,https://maps.google.com/?cid=421529084821713183,,
Antalya,Şen Baba Kebap Salonu Antalya,Kebap Restoranı,Kebap,4.4,733,"Kızılsaray, Milli Egemenlik Cd. No:13, 07040 Muratpaşa/Antalya",+90 242 244 33 91,2,36.889908999999996,30.698356999999998,https://maps.google.com/?cid=2161635438811427629,,
Artvin,Ustabaş Lokantası,Restoran,Sulu Yemek,4.6,2324,"Merkez Kuledibi, Dumlupınar Cd. no:52F, 08600 Hopa/Artvin",+90 466 351 49 57,2,41.393623399999996,41.4190694,https://maps.google.com/?cid=6229538409065788435,,
Artvin,Bombaci Burhan,Restoran,Lokanta,4.3,957,"Çayağzı, Fevzi Çakmak Cd. No:68, 08000 Artvin Merkez/Artvin",+90 466 212 62 05,2,41.1809959,41.835273699999995,https://maps.google.com/?cid=2464000168544011720,,
Artvin,Pınarlı Otantik Kır Lokantası,Restoran,Sulu Yemek,4.9,185,"Meydanlar, Meydanlar mahallesi 34/1, 08790 Pınarlı/Şavşat/Artvin",+90 535 221 50 65,2,41.354753599999995,42.489346499999996,https://maps.google.com/?cid=16078857790110881962,,
Artvin,Fidan Sultan El Lezzetleri,Aile restoranı,Aile restoranı,4.8,159,"Çarşı, Sabit Osman Avcı Hürriyet Cd. No:17/A, 08000 Artvin Merkez/Artvin",+90 466 212 90 75,2,41.1807914,41.818759199999995,https://maps.google.com/?cid=15466773629056759199,,
Artvin,AGORA EV YEMEKLERİ VE KAVURMA,Restoran,Sulu Yemek,4.8,159,"Merkez Kuledibi, Kars Cd. No:41, 08600, 08600 Hopa/Artvin",+90 537 453 40 75,2,41.3929104,41.4192007,https://maps.google.com/?cid=14137539293854081872,,
Artvin,Artvin Cağ Kebap Evi,Restoran,Kebap,4.6,193,"Çarşı, İnönü Cd. No:11, 08000 Artvin Merkez/Artvin",,2,41.1813905,41.8217509,https://maps.google.com/?cid=15063574550179035409,,
Artvin,Emin Usta,Restoran,Lokanta,4.3,211,"Çarşı, Öğretmen Taliha Genç Sk., 08000 Artvin Merkez/Artvin",,2,41.1795816,41.81832,https://maps.google.com/?cid=16938422061256273841,,
Artvin,Dereboyu Alabalık Restoran,Restoran,Balık,4.4,138,"Dere, Yurttaş Saraç Cd. No:100, 08000 Artvin Merkez/Artvin",,2,41.172533,41.823049999999995,https://maps.google.com/?cid=16136127160539195792,,
Artvin,Çoruh pide,Orta Doğu Restoranı,Lahmacun & Pide,4.3,122,"Çarşı, İnönü Cd. No:77, 08000 Artvin Merkez/Artvin",,2,41.181290499999996,41.8213131,https://maps.google.com/?cid=4843864116203125061,,
Artvin,Sönmez Ocak Cağ-Kebap - Artvin,Türk restoranı,Kebap,4.3,83,"Çarşı, İnönü Cd., 08000 Artvin Merkez/Artvin",+90 466 212 33 71,2,41.1808619,41.8208761,https://maps.google.com/?cid=7354102469793938506,,
Aydın,Güldeste Lokantası Aydın Merkez Tarihi Filibeli,Restoran,Sulu Yemek,4.6,1414,"Cumhuriyet, 1951. Sk. No:11, 09020 Efeler/Aydın",+90 256 502 81 81,2,37.847060000000006,27.8425077,https://maps.google.com/?cid=7814097148419348629,,
Aydın,Hayri Usta Lokantası,Türk restoranı,Sulu Yemek,4.4,1503,"Ata, Tepecik Blv. 40 b, 09010 Efeler/Aydın",+90 256 211 19 19,2,37.8354792,27.8574752,https://maps.google.com/?cid=10869898987459731043,,
Aydın,Meşhur Akkaya Aspava Aydın,Restoran,Lokanta,4.7,660,"Adnan Menderes, Yeşilırmak Cd. 26/2, 09010 Efeler/Aydın",+90 256 503 06 71,2,37.825743599999996,27.84217,https://maps.google.com/?cid=5700818151413610079,,
Aydın,KEBAPİX,Restoran,Kebap,4.8,524,"Girne, 2077. Sk. NO:68/B, 09100 Efeler/Aydın",+90 256 215 66 06,2,37.8470489,27.8266576,https://maps.google.com/?cid=5828803591743801745,,
Aydın,Dede Lokantası,Restoran,Sulu Yemek,4.3,816,"Hasanefendi - Ramazan Paşa, 1911. Sk. No:4, 09100 Aydın Merkez/Aydın",+90 256 225 10 28,2,37.8489856,27.843405999999998,https://maps.google.com/?cid=12032702541171734825,,
Aydın,Yenipazarlı Kazım Usta 1,Restoran,Lokanta,4.3,726,"Güzelhisar, 39. Sk. No:11/A, 09100 Efeler/Aydın",+90 256 212 97 91,2,37.8453233,27.845285300000004,https://maps.google.com/?cid=1975221749082208709,,
Aydın,Yenipazarlı Kazım Usta 3,Orta Doğu Restoranı,Orta Doğu Restoranı,4.4,577,"Zeybek, Zeybek 5. Cd. No.: 3, 09010 Efeler/Aydın",+90 256 212 01 11,2,37.8391981,27.812295300000002,https://maps.google.com/?cid=498379953513228518,,
Aydın,Popide,Orta Doğu Restoranı,Lahmacun & Pide,4.8,327,"Adnan Menderes, Enverpaşa Blv. no:8/A, 09100 Efeler/Aydın",+90 256 215 09 16,2,37.833850399999996,27.852086999999997,https://maps.google.com/?cid=7039465504255667443,,
Aydın,Meydan lokantası burhan usta,Restoran,Sulu Yemek,4.8,302,"Osman yozgatlı mah, Batı, Çevre Blv. no:55/A, 09500 Efeler/Aydın",+90 530 066 09 49,2,37.8318491,27.8356542,https://maps.google.com/?cid=8744439126881003722,,
Aydın,Söke Yıldız Lokantası Mehmet Ustanın Yeri,Restoran,Sulu Yemek,4.6,318,"Konak, Saraçlar Caddesi, Manavlariçi, Konak, No:21, 09200 Söke/Aydın",+90 536 775 50 47,2,37.7523141,27.4043665,https://maps.google.com/?cid=1176266429630651141,,
Balıkesir,Regal İmren Çorba & Yemek & Et ve Izgara Salonu,Restoran,Çorba,4.6,2133,"Paşa Alanı, 8. Sk., 10020 Balıkesir Merkez/Balıkesir",+90 532 437 21 39,2,39.6643885,27.919610499999997,https://maps.google.com/?cid=6506823757125588724,,
Balıkesir,Ferah Lokantası,Restoran,Sulu Yemek,4.5,1615,"Paşa Alanı, Cumhuriyet Cd., 10020 Balıkesir Merkez/Balıkesir",,2,39.6716194,27.928478199999997,https://maps.google.com/?cid=15090919439505133695,,
Balıkesir,KEBAPSAĞ,Restoran,Kebap,4.3,667,"Toygar, Üçpınaryolu Cd 273. Sokak, 10020 Karesi/Balıkesir",+90 552 435 10 10,2,39.6724994,27.9015229,https://maps.google.com/?cid=13966057485544815542,,
Balıkesir,Muhit Lokantası kurucu zekeriya,Restoran,Sulu Yemek,4.5,230,"Kasaplar, Topak Sk. 6 A, 10100 Balıkesir Merkez/Balıkesir",+90 266 243 09 99,1,39.642164,27.881770999999997,https://maps.google.com/?cid=17778680138682950284,,
Balıkesir,Onur Lokantası Galip Usta,Restoran,Sulu Yemek,4.5,226,"Eski Kuyumcular, Salih Tozan Cd. No:5/1C, 10100 Karesi/Balıkesir",+90 537 515 21 17,2,39.6473577,27.8843574,https://maps.google.com/?cid=14262841596725687866,,
Balıkesir,Kebapgah,Kebap Restoranı,Kebap,4.4,206,"Plevne, Savaştepe Cd. 46-48 A, 10050 Altıeylül/Balıkesir",+90 266 244 15 55,2,39.6207247,27.894894599999997,https://maps.google.com/?cid=6988886369689246935,,
Bilecik,Cennet Vadisi,Restoran,Lokanta,4.3,3330,"Merkez, 11230 Başköy/Bilecik Merkez/Bilecik",+90 545 228 19 64,2,40.0715675,30.016225799999994,https://maps.google.com/?cid=8672441158297213442,,
Bilecik,Cıngılli Restoran,Restoran,Lokanta,4.5,1957,"pazaryeri demirköy 235/1, 11800 Demirköy/Pazaryeri/Bilecik",+90 228 385 33 11,2,40.0025967,30.008190499999998,https://maps.google.com/?cid=402398787193502444,,
Bilecik,Emek Lokantasi,Restoran,Sulu Yemek,4.6,1244,"Çarşı, Ürgen Paşa Cd., 11300 Bozüyük/Bilecik",+90 228 315 15 42,2,39.9060798,30.033493900000003,https://maps.google.com/?cid=18204724771146205777,,
Bilecik,Trabzonlu Yüksel Ustanın Yeri,Restoran,Lokanta,4.3,1268,"(Marmara Kağıt Fab. Karşısı), İstasyon, 11100 Vezirhan/Bilecik Merkez/Bilecik",+90 228 233 17 78,2,40.2581078,30.020847500000002,https://maps.google.com/?cid=13880645080373391405,,
Bilecik,Dostlar Cağ Kebap,Kebap Restoranı,Kebap,4.5,614,"Gazipaşa, Kurtul Sk. No:9, 11000 Bilecik Merkez/Bilecik",+90 228 212 99 83,2,40.1428082,29.9788888,https://maps.google.com/?cid=565903247491669642,,
Bilecik,Bolcağ Kebap Pide Lahmacun Salonu,Restoran,Kebap|Lahmacun & Pide,4.4,420,"Ertuğrulgazi, Kaynak Cd. No:12, 11130 Bilecik Merkez/Bilecik",+90 228 212 11 77,2,40.136183,29.974559,https://maps.google.com/?cid=3942022971541294882,,
Bilecik,Ankara Lokantası,Restoran,Sulu Yemek,4.6,317,"İstasyon, 11050 Bilecik Merkez/Bilecik",+90 505 682 88 22,2,40.115597699999995,29.9994974,https://maps.google.com/?cid=17513936544520943903,,
Bilecik,Saray Lokantası,Restoran,Sulu Yemek,4.6,295,"İstasyon, Osmangazi Cd. No:33, 11100 Bilecik Merkez/Bilecik",+90 228 215 97 98,2,40.115375,29.99945,https://maps.google.com/?cid=2912880895730996388,,
Bilecik,Kısmet Lokantası,Restoran,Et|Sulu Yemek,4.4,370,"İstiklal Mh. Akmescit Cad, İstiklal, Yeni Sk. No:1, 11200 Bilecik Merkez/Bilecik",+90 228 212 17 14,2,40.141825,29.981927,https://maps.google.com/?cid=7104720107096589086,,
Bilecik,LEVENT USTA ADANA KEBAP,Kebap Restoranı,Kebap,4.8,167,"İsmetpaşa, Atatürk Caddesi No:51/d, 11000 Bilecik Merkez/Bilecik",+90 228 212 60 32,2,40.1462958,29.977242900000004,https://maps.google.com/?cid=6271060509478309382,,
Bingöl,Lava Közde Et Döner,Restoran,Döner,4.8,344,"İnönü, Kültür Cd. 93/C, 12000 merkez/Bingöl",+90 426 216 03 03,1,38.8862247,40.4969535,https://maps.google.com/?cid=14484741008769155658,,
Bingöl,Fehmi Usta Adana Sofrası,Restoran,Sulu Yemek,4.4,401,"Yenişehir, hacılar cami arkası, 12000 Bingöl",+90 426 214 11 10,2,38.8826284,40.496864099999996,https://maps.google.com/?cid=5251770030087245222,,
Bingöl,ZEYREK İSKENDER,Restoran,Lokanta,4.5,78,"Cumhuriyet, Kültür, Cumhuriyet Cd. No:146/C, 12500 Genç/Bingöl",+90 426 411 40 50,,38.7487008,40.5544693,https://maps.google.com/?cid=10941930653353434797,,
Bingöl,Kavurmacı Aydın Usta,Türk restoranı,Türk restoranı,4.4,52,"Yenişehir, İnönü Cd., 12000 Bingöl",,,38.8834132,40.4939718,https://maps.google.com/?cid=9478555355491466312,,
Bitlis,Büryancı Vahit Usta Yeni Çarşı Şubesi,Restoran,Büryan,4.4,574,"Hüsrev paşa mah.1238.sok Bitlis Ticaret Merkezi C blok no 77/78 Bitlis merkez, Hüsrev Paşa, 13000 Bitlis Merkez/Bitlis",+90 543 278 88 85,2,38.424968799999995,42.1272145,https://maps.google.com/?cid=10988509999252201398,,
Bitlis,BİTLİS SOFRASI,Restoran,Sulu Yemek,4.8,290,"Beş Minare, Ahmet Eren Blv No: 353 /B, 13002 Bitlis Merkez/Bitlis",+90 507 129 13 13,2,38.4801401,42.167795999999996,https://maps.google.com/?cid=14677679186440488437,,
Bitlis,Oktay Usta'nın Yeri,Türk restoranı,Türk restoranı,4.4,213,"Zülfikarlar İş Hanı, Gazi Bey, 13000 Bitlis Merkez/Bitlis",,1,38.4001679,42.107826,https://maps.google.com/?cid=13831014885700559873,,
Bitlis,Altın Kalbur Restorant,Restoran,Lokanta,4.6,132,"Zeydan, Bitlis Mutki Yolu Üzeri, 13000 Bitlis Merkez/Bitlis",+90 434 226 65 44,2,38.402679,42.1073644,https://maps.google.com/?cid=2503765317894684225,,
Bitlis,Mavi Beyaz Bahçe Cafe & Restaurant,Restoran,Lokanta,4.5,94,"Aydınlar Mahallesi Cumhuriyet Bulvarı, Aydınlar, Millet Bahçesi İçi, 13200 Tatvan/Bitlis",+90 434 827 00 13,2,38.507132999999996,42.2778759,https://maps.google.com/?cid=6685150865939280841,,
Bitlis,Nirvana Yöresel Ev Yemekleri,Restoran,Sulu Yemek,4.3,99,"Sahil, Hal Cd. No:7/a, 13200 Tatvan/Bitlis",+90 553 465 92 30,2,38.4942372,42.287828,https://maps.google.com/?cid=993328294896661622,,
Bitlis,Bitlis Sos Dürüm,Türk restoranı,Döner,4.7,57,"Beşminare Mahallesi, TOKİ 4. Etap Girişi Cayhan Apt Altı No: 34, 13000 Bitlis Merkez/Bitlis",+90 546 760 00 13,,38.4796547,42.1670972,https://maps.google.com/?cid=6991263712320980896,,
Bitlis,Divan Ocakbaşı,Restoran,Kebap,4.4,62,"Hüsrev Paşa, Ahmet Eren Bulvarı No:9, 13000 Bitlis Merkez/Bitlis",+90 434 226 06 06,2,38.4219595,42.125023299999995,https://maps.google.com/?cid=2442956643547912631,,
Bolu,Yörem Mantı Unlu Mamüller,Mantıcı,Mantı,4.9,5677,"Tabaklar Mahallesi İzzet Baysal Cad, Tabaklar, Albay Sk. 12/C, 14100 Bolu Merkez/Bolu",+90 532 609 09 52,2,40.7312599,31.6040055,https://maps.google.com/?cid=9381415815243029326,,
Bolu,Bolu Hanzade Restaurant,Kaliteli yemek restoranı,Kaliteli yemek restoranı,4.8,4798,"Yöresel Lezzetler Noktası, Karaçayır, Şht. Selen Paşa Cd. 48/A, 14200 Bolu Merkez/Bolu",+90 374 606 03 60,2,40.7270847,31.604990999999995,https://maps.google.com/?cid=17429141191889350346,,
Bolu,BOLU ANTEP SOFRASI YÖRESEL LEZZETLERİ,Aile restoranı,Sulu Yemek,4.7,1976,"Tabaklar, Haznedarlar Sk. Parlak Apt No:34/A, 14100 Bolu Merkez/Bolu",+90 538 655 44 14,2,40.72885420000001,31.6028618,https://maps.google.com/?cid=11593396190052472840,,
Bolu,MAHMUT USTA Pide Lahmacun,Orta Doğu Restoranı,Lahmacun & Pide,4.7,1630,"Kültür, Cem Sultan Cd. No:11, 14300 Bolu Merkez/Bolu",+90 554 442 14 35,2,40.7426142,31.6060816,https://maps.google.com/?cid=2454966213382951318,,
Bolu,DKebap's,Kebap Restoranı,Kebap,4.7,1452,"Borazanlar, 401.sokak no:5, 14100 Bolu Merkez/Bolu",+90 532 294 30 36,2,40.73261,31.593995900000003,https://maps.google.com/?cid=14626534193537664245,,
Bolu,Grand Gurme,Restoran,Lokanta,4.4,1921,"Osmanlı konakları, Borazanlar, Mehmet Akif Ersoy Blv. 12C, 14100 Bolu Merkez/Bolu",+90 541 110 36 14,2,40.7335291,31.5877967,https://maps.google.com/?cid=13018377071870496518,,
Bolu,HANEDAN TAŞ KAVURMA,Restoran,Lokanta,4.8,459,"Ak-er apartmanı, Tabaklar, Börekciler Sk. No:5/A, 14100 Bolu Merkez/Bolu",+90 374 324 10 10,2,40.7308661,31.602859799999997,https://maps.google.com/?cid=4476104789204981606,,
Bolu,Çeşmi Cihan,Restoran,Lokanta,4.4,775,"Aşağısoku, Sanayi Sitesi 4.Blok No.4, 14300 Bolu Merkez/Bolu",+90 374 215 59 50,2,40.738061099999996,31.624625400000003,https://maps.google.com/?cid=15932315499152199849,,
Bolu,Tranç Bir Kavurma Hikayesi,Restoran,Lokanta,4.7,482,"Sağlık, Hekim Sk. No:9B D:14, 14200 Bolu Merkez/Bolu",+90 533 270 30 14,2,40.743415,31.609398700000003,https://maps.google.com/?cid=9518204439370348573,,
Bolu,Mutfak Sofya,Restoran,Lokanta,4.5,532,"Kılıçarslan, Muhsin Yazıcıoğlu Blv. Annem Apt A Blok No: 36/A 13, 14100 Bolu Merkez/Bolu",+90 544 183 14 28,2,40.7418628,31.566728299999998,https://maps.google.com/?cid=14984223328084613767,,
Burdur,Şişçi Musa Meşhur Şişçi Çorbacım,Restoran,Çorba,4.6,5282,"Aydınlıkevler, 6. Sokak Yeni sanayi sitesi No:37, 15100 Burdur Merkez/Burdur",+90 537 960 54 20,2,37.7458317,30.312826899999994,https://maps.google.com/?cid=4710800249763296333,,
Burdur,Burdur Şişçi Kadir Okan Özen 1985,Türk restoranı,Türk restoranı,4.5,4293,"Özgür, Cümbüşlü Cd. No:35, 15200 Burdur Merkez/Burdur",+90 248 212 47 20,2,37.7217305,30.287564399999994,https://maps.google.com/?cid=10170401052326408050,,
Burdur,Şişçi Salih,Restoran,Lokanta,4.6,2774,"Aydınlıkevler, Yeni sanayi sitesi, 15100 Burdur Merkez/Burdur",+90 543 604 81 42,2,37.7456241,30.312628499999995,https://maps.google.com/?cid=2973440820002107800,,
Burdur,ŞİŞÇİ HASAN,Restoran,Lokanta,4.3,2609,"Aydınlıkevler mahallesi yeni sanayi sitesi, Aydınlıkevler, 6. Sk. No:27, 15040 Burdur Merkez/Burdur",+90 248 252 84 28,2,37.745671099999996,30.312557199999997,https://maps.google.com/?cid=2770961491679481310,,
Burdur,Altay Pide,Orta Doğu Restoranı,Lahmacun & Pide,4.3,955,"No:/A, Çeşmedamı, Hükümet Cd. No:6, 15200 Burdur Merkez/Burdur",+90 248 234 28 66,2,37.717932,30.2830884,https://maps.google.com/?cid=8034550184847948345,,
Burdur,Kahyaoğlu Et Lokantası,Restoran,Et|Sulu Yemek,4.5,668,"Bahçelievler, Merkez, Stadyum Cd. No:3, 15200 Burdur Merkez/Burdur",+90 248 233 68 13,2,37.7189012,30.277496900000003,https://maps.google.com/?cid=5801097507886473514,,
Burdur,Bizim Şişçi,Türk restoranı,Türk restoranı,4.3,715,"Özgür, Mehmet Akif Cd. no/12, 15200 Burdur Merkez/Burdur",+90 248 233 29 33,2,37.7209097,30.288606799999997,https://maps.google.com/?cid=10830437912879180648,,
Burdur,Şişçi Ömür,Kebap Restoranı,Kebap,4.6,385,"Küçük sanayi sitesi 7.sokak, Sanayi, Cami Üstü no:52, 15040 Burdur Merkez/Burdur",+90 543 208 98 56,2,37.7459925,30.313228199999998,https://maps.google.com/?cid=5395559766632883323,,
Burdur,Ege Lokantası,Restoran,Sulu Yemek,4.3,480,"Yeni, Bayer Sk. No:6, 15100 Burdur Merkez/Burdur",+90 248 233 42 92,2,37.7208045,30.2898706,https://maps.google.com/?cid=12798655380071250763,,
Burdur,Şişçi Ahmet,Restoran,Lokanta,4.8,191,"Aydınlıkevler, Küçük Sanayiciler Sitesi, 15100 Burdur Merkez/Burdur",+90 531 291 72 41,2,37.7458272,30.312800499999994,https://maps.google.com/?cid=10426725667109144170,,
Bursa,Kebapçı Hüseyin Usta,Restoran,Kebap,4.6,18886,"Alacamescit, Tuz Pazarı Cd. 16/B, 16020 Osmangazi̇/Bursa",+90 224 220 12 29,2,40.184031,29.066723,https://maps.google.com/?cid=4161372189697954268,,
Bursa,Rumeli Kardeşler Sofrası,Restoran,Sulu Yemek,4.7,3291,"Gülbahçe, Vardar Cd. No:36, 16240 Osmangazi̇/Bursa",+90 224 252 05 27,2,40.1971741,29.0727196,https://maps.google.com/?cid=8725924997003672409,,
Bursa,"MERT Pideli Köfte. İskender kebap ,kebapci Kazim usta",Restoran,Kebap|Lahmacun & Pide|Köfte,4.8,2394,"Kayhan mah ünlü caddesi. 17, Kayıhan, Ünlü Cd. 17 a, 16270 Osmangazi̇/Bursa",+90 539 766 66 60,2,40.1821293,29.0690004,https://maps.google.com/?cid=11930066909880880947,,
Bursa,Fasulyeli,Restoran,Lokanta,4.3,3144,"Üçevler, Nilüfer Cd. No:52, 16120 Ni̇lüfer/Bursa",+90 224 441 61 61,2,40.203847599999996,28.9450696,https://maps.google.com/?cid=16096588855888057421,,
Bursa,Sanat Lokantası Bülent Şef,Restoran,Sulu Yemek,4.6,1819,"Üçevler, 84. Sk. No:24, 16100 Ni̇lüfer/Bursa",+90 547 156 16 16,2,40.1996195,28.9406738,https://maps.google.com/?cid=5146324260165206421,,
Bursa,Öz Kayıhan Pideli köfte,Kebap Restoranı,Kebap|Lahmacun & Pide|Köfte,4.9,636,"Kayıhan, Kayhan Cd. No:33, 16340 Osmangazi̇/Bursa",+90 539 601 98 29,2,40.184197,29.069622,https://maps.google.com/?cid=8198648476987335890,,
Bursa,BURSA DÖNER SOFRASI,Restoran,Döner|Sulu Yemek,4.7,541,"Bizerler İşhanı, Kayıhan, Kirişçikızı Sk. No:15/C, 16200 Osmangazi̇/Bursa",+90 532 325 34 66,2,40.1836491,29.0700292,https://maps.google.com/?cid=14590231490161912842,,
Bursa,Bir Esnaf Lokantası 1958,Restoran,Sulu Yemek,4.3,929,"Beşevler,Beşevler Sanayi Sitesi, Küçük Sanayi Camii yanı, Üçevler, 29. Sk. No:27, 16120 Ni̇lüfer/Bursa",+90 532 178 19 63,2,40.2065787,28.941863800000004,https://maps.google.com/?cid=15936670020034059376,,
Bursa,Zengin Lokantası,Restoran,Sulu Yemek,4.6,550,"Hürriyet, 5. Vatan Sk. No:3, 16170 Osmangazi̇/Bursa",+90 224 249 55 00,2,40.220994999999995,29.004620300000003,https://maps.google.com/?cid=7728497923982469767,,
Bursa,Nalbantoğlu Lokantası,Restoran,Sulu Yemek,4.6,529,"Koğukçınar, 1. Çınar Cd. No:6/A, 16240 Osmangazi̇/Bursa",+90 224 255 51 34,2,40.196942899999996,29.066534199999996,https://maps.google.com/?cid=9940637739308206161,,
Çanakkale,Soon More & More,Restoran,Lokanta,4.6,1132,"Hamidiye, Fatih Cd. 27C, 17100 Kepez/Çanakkale Merkez/Çanakkale",+90 530 015 03 20,,40.096220599999995,26.4083442,https://maps.google.com/?cid=10303662775478086447,,
Çanakkale,1986 Balıkevi,Restoran,Balık,4.6,1103,"Barbaros, Sarıçay Cd. No:67, 17020 Çanakkale Merkez/Çanakkale",+90 286 212 42 86,2,40.1428632,26.4038676,https://maps.google.com/?cid=5680561001552464547,,
Çanakkale,Doyum 1980,Restoran,Lokanta,4.3,1624,"Kemalpaşa, Cumhuriyet Blv. No:7/A, 17100 Çanakkale Merkez/Çanakkale",+90 286 217 48 10,2,40.148261,26.404541599999998,https://maps.google.com/?cid=14843161538091058978,,
Çanakkale,Kebap Yiyelim Ocakbaşı,Restoran,Kebap,4.6,762,"Barbaros, Atatürk Cd., 17020 Çanakkale Merkez/Çanakkale",+90 286 217 37 57,2,40.135747099999996,26.4083419,https://maps.google.com/?cid=6806324659357245729,,
Çanakkale,"Emniyet Restaurant - Kahvaltı, Çorba, Steak, Et, Kebap, Lahmacun, Pide",Restoran,Kebap|Çorba|Lahmacun & Pide,4.3,1090,"Cumhuriyet, İzmir Yolu 4.km, 17110 Kepez/Çanakkale Merkez/Çanakkale",+90 532 132 64 17,2,40.1097092,26.407223899999998,https://maps.google.com/?cid=18122333586727643255,,
Çanakkale,kanaat lokantası,Restoran,Sulu Yemek,4.7,385,"Kemalpaşa, Atatürk Cd. no:54 D:A, 17100 Çanakkale Merkez/Çanakkale",+90 286 213 88 17,2,40.146955299999995,26.408654199999997,https://maps.google.com/?cid=10471531880382041620,,
Çanakkale,Trakya Lezzet Durağı,Restoran,Lokanta,4.4,429,"KEMALPAŞA MAH. CUMHURİYET MEYDANI NO:32 Merkez, Kemalpaşa, 17010 Çanakkale Merkez/Çanakkale",+90 286 217 01 54,2,40.149766299999996,26.403280799999997,https://maps.google.com/?cid=687826166144071538,,
Çanakkale,Liman Restoran,Restoran,Lokanta,4.3,397,"Cumhuriyet, 17110 Kepez/Çanakkale Merkez/Çanakkale",+90 286 263 69 12,2,40.1011979,26.3827434,https://maps.google.com/?cid=12245906033986014112,,
Çanakkale,Köfteci Yaşar Usta | Paket Servisimiz Mevcuttur,Restoran,Köfte,4.9,164,"Barbaros, Mehmet Çavuş Sk. 1/A, 17020 Çanakkale Merkez/Çanakkale",+90 533 360 39 55,2,40.1412561,26.4076808,https://maps.google.com/?cid=17857034157758834574,,
Çanakkale,Çobanoğlu et lokantası,Restoran,Et|Sulu Yemek,4.7,195,"Kemalpaşa, Hasan Mevsuf Sk. No:46, 17000 Çanakkale Merkez/Çanakkale",+90 543 417 05 92,2,40.14759370000001,26.408277899999998,https://maps.google.com/?cid=8427775802507065356,,
Çankırı,Derya Lokantası Sefer Usta'nın yeri,Restoran,Sulu Yemek,4.6,1617,"Mimar Sinan, Bedesten Sk. No:27, 18100 Çankırı Merkez/Çankırı",+90 376 212 55 77,2,40.602018099999995,33.6179334,https://maps.google.com/?cid=18399679966117678512,,
Çankırı,Cengiz Ustanın Yeri,Kebap Restoranı,Kebap,4.9,381,"Abdulhalik Renda, Ankara Cd. No:28, 18200 Çankırı Merkez/Çankırı",+90 551 256 67 37,2,40.5916091,33.6206476,https://maps.google.com/?cid=2815345206921876253,,
Çankırı,İskilip Pide Salonu,Orta Doğu Restoranı,Lahmacun & Pide,4.6,450,"Yeni, Org. İsmail Hakkı Karadayı Blv. No:6, 18200 Çankırı Merkez/Çankırı",+90 376 213 36 86,2,40.601017899999995,33.6118035,https://maps.google.com/?cid=14828894165083521170,,
Çankırı,Çankırı Belediyesi Yöresel Mutfak Kültür Evi,Türk restoranı,Türk restoranı,4.4,393,"Karataş, Kayabaşı Cd. No:03, 18100 Çankırı Merkez/Çankırı",+90 376 213 14 18,2,40.603754699999996,33.6126188,https://maps.google.com/?cid=7632534486585366073,,
Çankırı,Osmanlı Lokantası,Restoran,Sulu Yemek,4.3,229,"Yeni, 18400 Ilgaz/Çankırı",+90 376 416 13 43,2,40.9248366,33.6247701,https://maps.google.com/?cid=16515193625661596886,,
Çankırı,Köz Döner 63 Urfa Lahmacun,Restoran,Lahmacun & Pide|Döner,4.3,158,"Buğday Pazarı, 18100 Çankırı Merkez/Çankırı",+90 532 178 45 18,2,40.5998277,33.622494100000004,https://maps.google.com/?cid=11285929932485135203,,
Çankırı,Sinan Usta Kokoreç,Aile restoranı,Aile restoranı,4.4,88,"Buğday Pazarı, Terminal Cd., 18100 Çankırı Merkez/Çankırı",,2,40.5977538,33.6198341,https://maps.google.com/?cid=12676981737532978029,,
Çankırı,Yemek Yemek Catering,Restoran,Lokanta,4.4,67,"Cumhuriyet, Selahattin İnal Sk. No:5C, 18100 Çankırı Merkez/Çankırı",,1,40.598826599999995,33.617067,https://maps.google.com/?cid=15405882702794217385,,
Çankırı,Pides,Restoran,Lahmacun & Pide,4.3,61,"Buğday Pazarı, Çarşamba Pazarı Cd. No: 4, 18100 Çankırı Merkez/Çankırı",+90 376 212 55 00,2,40.598428299999995,33.620895,https://maps.google.com/?cid=4326457617524989725,,
Çorum,Meşhur ASPAVA MUHAMMED,Restoran,Lokanta,4.6,4511,"Çepni, Çevre Yolu Blv. no:213/1, 19000 Çorum Merkez/Çorum",+90 541 363 71 35,2,40.5463172,34.9278275,https://maps.google.com/?cid=9990328440697688289,,
Çorum,Çorum Marmaris Döner,Restoran,Döner,4.7,2589,"Gülabibey, İnkılap Sk. No:37, 19100 Çorum Merkez/Çorum",+90 364 225 57 29,2,40.5444533,34.9522115,https://maps.google.com/?cid=2586053049392456639,,
Çorum,Iskilip Dolma Evi,Restoran,Lokanta,4.4,2631,"Ulukavak, Söğütlüevler Cd. 1/A, 19400 Çorum Merkez/Çorum",+90 364 626 26 26,2,40.562149,34.94524,https://maps.google.com/?cid=9020078210951723531,,
Çorum,Katipler Konağı Restaurant,Restoran,Lokanta,4.3,2187,"Karakeçili, Karakeçili 10. Sokak No:4, 19100 Çorum Merkez/Çorum",+90 532 236 39 19,2,40.5528852,34.955645499999996,https://maps.google.com/?cid=13624508192065928775,,
Çorum,Çakır Sami Tandır Kebap,Kebap Restoranı,Kebap,4.4,1773,"Gülabibey, Kubbeli Cd. No:87/a, 19100 Çorum Merkez/Çorum",+90 364 213 69 01,2,40.544753799999995,34.9507129,https://maps.google.com/?cid=16863262863098602835,,
Çorum,Şahhane Sofra,Restoran,Sulu Yemek,4.8,701,"Üçtutlar, Dr. İlhan Gürel Cd. 12/c, 19100 Çorum Merkez/Çorum",+90 364 225 05 51,2,40.5686415,34.9637933,https://maps.google.com/?cid=1624795916717663150,,
Çorum,Yenigül Lokantası (PAÇACI CEMAL),Restoran,Çorba|Sulu Yemek,4.5,811,"Çöplü, Akpınar Cd. 1/A, 19040 Çorum Merkez/Çorum",+90 364 227 67 77,2,40.555616099999995,34.9509392,https://maps.google.com/?cid=6603928946104215555,,
Çorum,Koza Çorba Çevreyolu Şube,Restoran,Çorba,4.5,757,"Ak Kent, Çevre Yolu Blv. No:52, 19100 Çorum Merkez/Çorum",+90 364 666 01 11,2,40.507252199999996,34.9098955,https://maps.google.com/?cid=13568997853978485979,,
Çorum,BEYOĞLU KEBAP,Aile restoranı,Kebap,4.8,448,"Bahçelievler, Bahabey Cd. 67 A, 19200 Çorum Merkez/Çorum",+90 364 221 56 93,2,40.545139999999996,34.9687371,https://maps.google.com/?cid=18281319559878021247,,
Çorum,Meşhur İskilip Dolmacısı,Restoran,Lokanta,4.9,384,"Çepni, Fen Lisesi Cd. No:2/B, 19000 Çorum Merkez/Çorum",+90 553 249 50 03,2,40.53861,34.9401054,https://maps.google.com/?cid=1276925453619425757,,
Denizli,Kebapçı Rıdvan - Meşhur Denizli Kebabı,Kebap Restoranı,Kebap,4.8,2573,"Saraylar, 2. Ticari Yol No:13/C, 20200 Merkez/Denizli",+90 534 362 96 45,2,37.7841126,29.0851586,https://maps.google.com/?cid=2786173027015997961,,
Denizli,KEBAPÇI KERİM SALUR -Meşhur Denizli Kebabı,Kebap Restoranı,Kebap,4.8,2022,"Saraylar, 357. Sk. No:10, 20010 Denizli Merkezefendi/Denizli",+90 543 792 47 92,2,37.7851001,29.0824827,https://maps.google.com/?cid=56003683162405576,,
Denizli,Meşhur Denizli Kebapçısı,Kebap Restoranı,Kebap,4.5,2521,"Topraklık, Halk Cd. No:22, 20150 Pamukkale/Denizli",+90 258 265 28 65,2,37.7832515,29.0898006,https://maps.google.com/?cid=2969787262145083538,,
Denizli,Hüsamettin Usta Kocabaylar Kebap Salonu,Kebap Restoranı,Kebap,4.4,2649,"Bayramyeri Kaleici, 486. Sk., 20010 Denizli Merkezefendi/Denizli",+90 258 241 40 60,2,37.7859527,29.083758299999996,https://maps.google.com/?cid=18371824905910129567,,
Denizli,Kebapçı Mehmet Kodalak - Denizli Kebabı,Kebap Restoranı,Kebap,4.8,1003,"Saraylar, 357. Sk. No:2, 20010 Denizli Merkezefendi/Denizli",+90 537 797 59 95,2,37.7855097,29.0828563,https://maps.google.com/?cid=11973708393926561161,,
Denizli,Mevlana Lokantası,Restoran,Sulu Yemek,4.6,978,"Sümer, 41. Sk. No:16, 20020 Denizli Merkez/Denizli",+90 538 561 78 03,2,37.793437399999995,29.092802000000002,https://maps.google.com/?cid=5580604142959728652,,
Denizli,Labada Gurme,Restoran,Lokanta,4.3,1080,"Adalet, Umutkent Sitesi NO:15, 20040 Denizli Merkezefendi/Denizli",+90 258 240 00 40,2,37.777964,29.024277599999998,https://maps.google.com/?cid=1520869285836551380,,
Denizli,Ranch Dürüm Evora Şubesi,Restoran,Döner,4.8,519,"Selçuk Bey, 15 Temmuz Şehitler Yolu No:6/86, 20030 Denizli Merkezefendi/Denizli",+90 551 373 20 20,2,37.7923925,29.0232626,https://maps.google.com/?cid=17280254182841441104,,
Denizli,Şölen Durağı Restaurant,Aile restoranı,Aile restoranı,4.9,416,"Kınıklı, Hüseyin Yılmaz Cd. No:50a, 20160 Pamukkale/Denizli",+90 555 699 20 20,1,37.7458899,29.0983701,https://maps.google.com/?cid=5329595140673754327,,
Denizli,Kebapçı Mehmet Usta,Kebap Restoranı,Kebap,4.4,549,"Saraylar, Eski, No:13/A, Saraylar, 20100 Denizli Merkezefendi/Denizli",+90 554 591 60 02,2,37.7852891,29.0831645,https://maps.google.com/?cid=7265795343004567382,,
Diyarbakır,Nasır Usta Adana Kebapçısı Diclekent Şubesi,Kebap Restoranı,Kebap,4.7,7320,"Peyas, 250. Sk. No:1, 21070 Kayapınar/Diyarbakır",+90 412 257 59 59,2,37.942585,40.182944899999995,https://maps.google.com/?cid=6127880783067239249,,
Diyarbakır,Nasır Usta Adana Kebapçısı,Kebap Restoranı,Kebap,4.7,3801,"Yenişehir, Ali Emiri Cd., 21100 Yenişehir/Diyarbakır",+90 412 223 41 43,2,37.9157282,40.2316171,https://maps.google.com/?cid=3450633384720024247,,
Diyarbakır,UMUT CİĞERCİSİ,Restoran,Lokanta,4.3,3235,"Lise caddesi 4 sokak yeşim apt.Altı, Yenişehir, 21120 Yenişehir/Diyarbakır",+90 412 228 17 63,2,37.9182363,40.2287344,https://maps.google.com/?cid=7477843722467742267,,
Diyarbakır,Nasır Usta 75 Şubesi,Kebap Restoranı,Kebap,4.6,1830,"75 yol üzeri Kayapınar Cd. Azel City Altı, Fırat, 21070 Kayapınar/Diyarbakır",+90 412 503 24 21,2,37.9246914,40.1498759,https://maps.google.com/?cid=31066344513469536,,
Diyarbakır,Tek Kapı Ciğercisi,Restoran,Ciğer,4.3,2484,"Yılmaz Günay Cad. 194. Sk. No: 16 | Kayapınar, Metropol 1 Sitesi Yanı Dicle Halk Evi Karşısı, Medya, 21070 Kayapınar/Diyarbakır",+90 531 930 55 60,2,37.9533822,40.1758074,https://maps.google.com/?cid=645786179671989073,,
Diyarbakır,Doğan Sofra Salonu,Türk restoranı,Sulu Yemek,4.3,1207,"Bağcılar, C, Bağcılar, Yeni Hal Cd. No:3, 21090 Bağlar/Diyarbakır",+90 412 251 53 91,2,37.9263879,40.172523399999996,https://maps.google.com/?cid=17768613325177033907,,
Diyarbakır,Beroş restaurant,Restoran,Lokanta,4.6,571,"Hasırlı, Yenikapı Sk. No:88, 21200 Sur/Diyarbakır",+90 538 697 63 53,2,37.9098633,40.2437932,https://maps.google.com/?cid=7102398222570220286,,
Diyarbakır,Gabo Kitchen,Restoran,Lokanta,4.5,544,"Medya mah. Yılsa Hakan sitesi No: 19BE, Gabo Kitchen, Medya, Zemin Kat, 21100 Kayapınar/Diyarbakır",+90 537 663 90 77,2,37.957589899999995,40.164827599999995,https://maps.google.com/?cid=10074391777662080987,,
Diyarbakır,Sultan Ocakbaşı,Restoran,Kebap,4.3,661,"Yenişehir, Ali Emiri 1. Sk., 21100 Yenişehir/Diyarbakır",+90 412 228 45 42,2,37.9169352,40.2336095,https://maps.google.com/?cid=5370817849090618256,,
Diyarbakır,Ciğerci Hacı Anzele (Başka şubemiz yoktur),Restoran,Ciğer,4.6,211,"Melikahmet, 21300 Sur/Diyarbakır",+90 412 224 28 30,2,37.913165,40.2293048,https://maps.google.com/?cid=7318621820930009277,,
Edirne,Meşhur Edirne Ciğercisi Kazım ve İlhan Usta,Türk restoranı,Ciğer,4.5,3683,"Dilaverbey, Osmaniye Cd. No:69, 22030 Edirne Merkez/Edirne",+90 284 212 12 80,2,41.6737621,26.5526437,https://maps.google.com/?cid=9291123203325866844,,
Edirne,TARİHİ BAŞKENT KEBAPÇISI,Aile restoranı,Kebap,4.7,2394,"1. Murat, Haşim İşcan Cd. No:11, 22030 Edirne Merkez/Edirne",+90 284 235 14 44,2,41.661014,26.5833525,https://maps.google.com/?cid=10738309181113066034,,
Edirne,Saklı Bahçe | Edirne Kahvaltı | Paçanga Böreği | Menemen | Yöresel Lezzetler | Havuz | Şelale | Hobbit Evi,Kahvaltı restoranı,Çorba|Kahvaltı,4.5,1990,"Kapıkule Yolu Üzeri, 22130 Yenikadın/Edirne Merkez/Edirne",+90 545 484 12 24,2,41.6828716,26.4967912,https://maps.google.com/?cid=5390764834200987838,,
Edirne,Asma Altı Ocakbaşı Restaurant,Restoran,Kebap,4.4,1549,"Şehit Emniyet Müdürü Ertan Nezihi, İstasyon, Turan Dursun Cd. No:56, 22030 Edirne Merkez/Edirne",+90 284 212 87 12,,41.6635425,26.5732139,https://maps.google.com/?cid=8292331896753655111,,
Edirne,Edirne Ciğercisi Kemal Usta,Restoran,Ciğer,4.3,1460,"Mithat Paşa, Ortakapı Cd. No:3, 22020 Edirne Merkez/Edirne",+90 284 213 64 75,2,41.6754791,26.5523274,https://maps.google.com/?cid=8007033295811536528,,
Edirne,Bağbekleyen,Kebap Restoranı,Kebap,4.3,1228,"1. Murat, 28. Sk. No:17, 22030 Edirne Merkez/Edirne",+90 284 236 00 38,2,41.661187,26.582916899999997,https://maps.google.com/?cid=12240979703291167501,,
Edirne,Hüseyinin Yeri,Restoran,Lokanta,4.5,644,"1. Murat, 9. Sk., 22030 Edirne Merkez/Edirne",+90 284 236 20 06,2,41.664215,26.5832786,https://maps.google.com/?cid=8055771403408272182,,
Edirne,Ustam Yemek Salonu,Türk restoranı,Türk restoranı,4.4,728,"1. Murat, 21. Sk. No:33, 22030 Edirne Merkez/Edirne",+90 284 236 01 01,2,41.661121099999995,26.5832691,https://maps.google.com/?cid=4108250455121170530,,
Edirne,Gaziantep Eray dürüm evi,Kebap Restoranı,Kebap|Döner,4.9,258,"Sabuni, Lari Camii Sk. No:10, 22100 Edirne Merkez/Edirne",+90 543 261 49 07,2,41.673802099999996,26.554562299999997,https://maps.google.com/?cid=10732423177767681106,,
Edirne,Salih & Serkan Edirne Ciğercisi,Restoran,Ciğer,4.5,349,"Mithat Paşa, Orhaniye Cd. Kılıç İş Hanı No:6, 22020 Edirne Merkez/Edirne",+90 284 213 25 64,2,41.6756538,26.552192899999998,https://maps.google.com/?cid=12350815912018956959,,
Elazığ,KAVURMACI BEKİR USTA,Kaliteli yemek restoranı,Kaliteli yemek restoranı,4.6,1348,"Çarşı, Kuyumcular Sokak No 2, 23100 Elazığ Merkez/Elazığ",+90 424 234 06 57,2,38.67307780000001,39.225752799999995,https://maps.google.com/?cid=16641894563253353150,,
Elazığ,Kebapçı Cafer Usta,Restoran,Kebap,4.5,842,"Ataşehir, İmam Efendi Blv. :48/BC, 23040 Elazığ Merkez/Elazığ",+90 507 007 23 01,2,38.648969300000005,39.1918224,https://maps.google.com/?cid=7692342291800688072,,
Elazığ,Tarihi Adana Kebapçısı | Murat Özçelik,Restoran,Kebap,4.5,344,"Abdullahpaşa Mah. Saraybosna Cad.No:8O, D:8N, 23270, Abdullah Paşa, 23100 Elazığ Merkez/Elazığ",+90 424 212 10 01,2,38.6620847,39.1582588,https://maps.google.com/?cid=3469967449759915387,,
Elazığ,Melom Ev Yemekleri,Yiyecek,Sulu Yemek,4.8,156,"Rızaiye mahallesi Kıbrıs Şehitleri, Rızaiye, Kıbrıs Şehidi Mehmet Güçlü Cd. No:31/A, 23200 Elazığ Merkez/Elazığ",+90 424 213 85 85,,38.6794677,39.2245109,https://maps.google.com/?cid=6306946122897605280,,
Elazığ,HARPUT OCAKBAŞI LAHMACUN PIDE YÖRESEL YEMEKLER,Kebap Restoranı,Kebap|Lahmacun & Pide,4.5,205,"Çaydaçıra, Profesör Doktor Necmettin Erbakan Bulvarı No;5C, 23050 Elazığ Merkez/Elazığ",+90 536 451 43 23,2,38.6842469,39.1733671,https://maps.google.com/?cid=18346535077758034513,,
Elazığ,Tek Kebap Salonu,Kebap Restoranı,Kebap,4.4,157,"Yeni, Geçer Sk., 23200 Elazığ Merkez/Elazığ",+90 424 238 57 16,2,38.676103499999996,39.2178257,https://maps.google.com/?cid=3500103569597083412,,
Elazığ,Kebapçı Celal Usta'nın Yeri,Kebap Restoranı,Kebap,4.7,72,"Çarşı, Atatürk Okulu Sk. No:80, 23100 Elazığ Merkez/Elazığ",+90 424 233 14 25,2,38.6720385,39.2231412,https://maps.google.com/?cid=15925767069167669933,,
Elazığ,Ayşe Ananın Mutfağı,Aile restoranı,Aile restoranı,4.6,77,"Ataşehir, Kibar Sk. No:67, 23100 Elazığ Merkez/Elazığ",+90 535 860 97 43,2,38.65355950000001,39.1603974,https://maps.google.com/?cid=9819779764118958192,,
Elazığ,Babaoğul Lokantası,Restoran,Sulu Yemek,4.3,68,"Sanayi, 23300 Elazığ Merkez/Elazığ",+90 530 333 88 23,2,38.6668729,39.2445798,https://maps.google.com/?cid=5355016890466177093,,
Erzincan,çağlayan Gül Restaurant,Restoran,Lokanta,4.3,847,"Şelale, Şelale Cd., 24002 Çağlayan/Erzincan Merkez/Erzincan",+90 446 235 25 25,2,39.5888856,39.713257399999996,https://maps.google.com/?cid=14495274554759879807,,
Erzincan,Hacegan mangalda ciğer & kebap salonu,Restoran,Kebap|Ciğer,4.6,349,"Atatürk, 353. Sk., 24180 Erzincan Merkez/Erzincan",+90 446 223 33 30,2,39.74767,39.493566,https://maps.google.com/?cid=16037316292518974583,,
Erzincan,Avlu 1919 - Çorba Ve Ev Yemekleri,Türk restoranı,Çorba|Sulu Yemek,4.8,158,"Karaağaç, 751. Sk. No: 4/C, 24100 Erzincan Merkez/Erzincan",+90 532 164 68 83,2,39.7443053,39.491365699999996,https://maps.google.com/?cid=10400469946212202674,,
Erzincan,Cumhuriyet Lokantası (Yöresel Ev Yemekleri & Esnaf Lokantası),Restoran,Et|Sulu Yemek,4.3,215,"Dörtyolağzı, Otopark Meydanı No:1, 24600 Kemaliye/Erzincan",+90 544 818 12 44,2,39.2625376,38.4964576,https://maps.google.com/?cid=14138011172321364542,,
Erzincan,MUTLU LEZZET DURAĞI,Restoran,Lokanta,4.6,126,"Mutlu lezzet durağı, Atatürk, Kırklar Cd. no: 31/A, 24000 Erzincan Merkez/Erzincan",+90 553 107 86 29,2,39.7495074,39.5003284,https://maps.google.com/?cid=17278790017819493615,,
Erzincan,Öz İstanbul Kır Pidesi,Orta Doğu Restoranı,Lahmacun & Pide,4.8,100,"Ordu Çarşısı, İnönü, Ordu Cd. No:29/z7, 24000 Erzincan Merkez/Erzincan",+90 536 719 02 25,2,39.749560699999996,39.491079299999996,https://maps.google.com/?cid=15887894368829050647,,
Erzincan,Lezzet Kebap Salonu,Kebap Restoranı,Kebap,4.6,77,"Karaağaç, 770. Sk. No:61, 24100 Erzincan Merkez/Erzincan",,,39.744240399999995,39.4976267,https://maps.google.com/?cid=8575014718013299009,,
Erzincan,Piknik Köfte Salonu,Restoran,Köfte,4.6,72,"Karaağaç, 770. Sk. No:67, 24100 Erzincan Merkez/Erzincan",+90 534 342 61 73,,39.744219,39.498047,https://maps.google.com/?cid=14363087679557775345,,
Erzurum,Eski Erzurum Evleri,Aile restoranı,Aile restoranı,4.3,7153,"İbrahim Paşa Mh, Yüzbaşı Reşit Bey Sokak, 25200 Yakutiye/Erzurum",+90 442 213 83 72,2,39.905614899999996,41.2757323,https://maps.google.com/?cid=8810189539093591055,,
Erzurum,COŞKUN GÜVEÇ DÜNYASI,Restoran,Lokanta,4.3,4032,"Kurtuluş Mahallesi 6. Demirciler Sokak No:12, Halkbankası Arkası, Yakutiye, Kurtuluş, 25200 Merkez/Erzurum",+90 442 242 23 57,2,39.927692799999996,41.283362800000006,https://maps.google.com/?cid=18446614367985262537,,
Erzurum,NEBİ USTA CAĞ KEBAP SALONU,Restoran,Kebap,4.7,1694,"Kazimkarabekir paşa mah kongre cad, Kazım Karabekir Paşa, Nazik Çarşısı Cd. No:7, 25100 Yakutiye/Erzurum",+90 535 788 68 24,2,39.9140776,41.277447099999996,https://maps.google.com/?cid=7028627575273728343,,
Erzurum,Gece Dönercisi Eren Usta,Restoran,Döner,4.7,1209,"Lalapaşa, Çaykara Cd. No:14 D:1B, 25100 Yakutiye/Erzurum",+90 442 233 82 62,2,39.9084796,41.2678551,https://maps.google.com/?cid=10519270659501357761,,
Erzurum,Çorbacı Halil Usta,Çorbacı,Çorba,4.4,1728,"Muratpaşa, Erzincan Kapı Sk. No:17 D:19, 25100 Yakutiye/Erzurum",,1,39.9051865,41.2712408,https://maps.google.com/?cid=9337513618975354208,,
Erzurum,Ankara Esat Aspava,Restoran,Lokanta,4.5,1443,"Bostancıoğlu Rezidans, Ömer Nasuhi Bilmen, Kombina Cd. Altı, 25200 Yakutiye/Erzurum",+90 543 177 23 25,2,39.913459499999995,41.2644148,https://maps.google.com/?cid=10633646535161710616,,
Erzurum,Günaydın Balık Köfte,Restoran,Köfte|Balık,4.7,650,"murat paşa mah. bahçe sok. birlik apt. no:1, Muratpaşa, 25100 Yakutiye/Erzurum",+90 530 773 52 25,2,39.9048096,41.27205,https://maps.google.com/?cid=5937421601414335756,,
Erzurum,Güzelyurt Restaurant,Restoran,Lokanta,4.3,528,"Muratpaşa, Cumhuriyet Cd. No:42, 25100 Yakutiye/Erzurum",+90 442 234 50 01,,39.905776599999996,41.272343899999996,https://maps.google.com/?cid=12530614260561316889,,
Erzurum,Adres Lokantası Erzurum,Restoran,Sulu Yemek,4.5,276,"Muratpaşa, Şerif Efendi Cd. No: 28, 25030 Yakutiye/Erzurum",+90 442 233 36 56,2,39.9046459,41.2714961,https://maps.google.com/?cid=4558253722500883529,,
Erzurum,Osmanağa Yemek Salonu,Orta Doğu Restoranı,Orta Doğu Restoranı,4.4,282,"Alipaşa Mahallesi, Mollaoğlu Sk. No:1, 25040 Yakutiye/Erzurum",+90 530 500 10 25,2,39.912527399999995,41.275607699999995,https://maps.google.com/?cid=15748223752173440031,,
Eskişehir,Köşem Lokantası,Restoran,Sulu Yemek,4.3,1709,"Zafer, Gazi Yakup Satar Cd. No:287, 26220 Tepebaşı/Eskişehir",+90 222 322 60 60,2,39.7947262,30.5331726,https://maps.google.com/?cid=13644264778368249724,,
Eskişehir,Şehri Kebap Eskişehir,Restoran,Kebap,4.9,685,"Gökmeydan, 19 Mayıs Cad No:104/A, 26100 Odunpazarı/Eskişehir",+90 536 377 98 91,2,39.7719042,30.539547400000004,https://maps.google.com/?cid=4328041458994909874,,
Eskişehir,Yıldız Lokantaları,Restoran,Sulu Yemek,4.6,734,"İhsaniye, Alanur Sk. No:5 D:A, 26120 Tepebaşı/Eskişehir",+90 222 232 24 38,1,39.7763475,30.5211339,https://maps.google.com/?cid=3925166215139997191,,
Eskişehir,Köfteci Gökmen Usta,Türk restoranı,Köfte,5,239,"İstiklal, Şair Fuzuli Cd. 56/A, 26010 Odunpazarı/Eskişehir",+90 507 599 13 43,2,39.774500499999995,30.514432799999998,https://maps.google.com/?cid=9500599832517056421,,
Eskişehir,Hüsnüniyet Lokantası-ÇARŞI,Restoran,Et|Sulu Yemek,4.3,576,"İstiklal, Konuk Sk. No:13, 26010 Eskişehir Merkez/Eskişehir",+90 222 234 29 93,1,39.7729736,30.516796799999995,https://maps.google.com/?cid=304754883942598168,,
Eskişehir,Mot Cağ Kebap,Restoran,Kebap,4.7,301,"Ertuğrulgazi, Bahadır Cd. No:6, 26010 Tepebaşı/Eskişehir",+90 506 754 07 34,2,39.7707049,30.479077499999995,https://maps.google.com/?cid=5124624706111728299,,
Eskişehir,Ender Kebap Salonu Eskişehir,Çok Amaçlı Salon,Kebap,4.6,282,"Arifiye, Korkmaz Sk. No:36, 26010 Odunpazarı/Eskişehir",+90 222 233 23 24,,39.773030899999995,30.519269500000004,https://maps.google.com/?cid=18332263431965619004,,
Eskişehir,SEZER OCAKBAŞI PİDE KEBAP,Restoran,Kebap,4.4,349,"Gökmeydan Mahallesi 19 Mayıs Caddesi No:248, Gökmeydan, Alyıldız Sk. No:17 D:A, 26080 Odunpazarı/Eskişehir",+90 222 237 02 32,2,39.770602499999995,30.5553443,https://maps.google.com/?cid=9018517287792655555,,
Gaziantep,Kelebek Restoran | Paça - Beyran - Kebap,Restoran,Kebap|Çorba,4.5,20627,"Alleben, Kemal Köker Cd. No:67/A, 27220 Şahinbey/Gaziantep",+90 342 230 96 33,2,37.0624979,37.3648922,https://maps.google.com/?cid=9771984244016876745,,
Gaziantep,Sakıp Usta Paça Beyran Kebap,Restoran,Kebap|Çorba,4.4,21694,"Alleben, Kemal Köker Cd. No:55 D:53, 27010 Şahinbey/Gaziantep",+90 342 220 18 19,2,37.0628981,37.3665787,https://maps.google.com/?cid=9847147108465700900,,
Gaziantep,Namık Baydar Sofrası,Restoran,Sulu Yemek,4.8,5918,"Batıkent, Kürşat Tüzmen Blv. No:21, 27560 Şehitkamil/Gaziantep",+90 507 045 72 72,2,37.075084,37.334240699999995,https://maps.google.com/?cid=15262205451322690105,,
Gaziantep,Yesemek Gaziantep Mutfağı,Restoran,Lokanta,4.3,9709,"Türktepe, Hamdi Kutlar Cd. No:51/1-B, 27400 Şahinbey/Gaziantep",+90 342 231 03 42,2,37.0632996,37.3853994,https://maps.google.com/?cid=11995836019919233470,,
Gaziantep,Ünal Et Lokantası,Restoran,Et|Sulu Yemek,4.4,7472,"1 ORGANİZE SANAYİ BÖLGESİ BAŞPINAR GAZİANTEP, Başpınar OSB, 27600 Şehitkamil/Gaziantep",+90 342 337 10 84,2,37.147906,37.2941907,https://maps.google.com/?cid=8124878636546834356,,
Gaziantep,Mutfak Sanatları Merkezi,Restoran,Lokanta,4.3,4927,"Sarıgüllük, Zübeyde Hanım Blv. No:39, 27400 Şehitkamil/Gaziantep",+90 342 777 76 76,2,37.064121199999995,37.351249599999996,https://maps.google.com/?cid=13263689926486430232,,
Gaziantep,Kasap Selçuk Usta,Kebap Restoranı,Kebap|Et,4.5,3157,"Yaprak, Abdullah Kepkep Sk., 27080 Şehitkamil/Gaziantep",+90 538 581 24 41,2,37.0678912,37.3805811,https://maps.google.com/?cid=10093984931789270226,,
Gaziantep,Şehr-i Küşleme Kebap Restoranı,Restoran,Kebap,4.7,1863,"Osmangazi, 27060 Şehitkamil/Gaziantep",+90 552 355 27 25,2,37.0646838,37.3345628,https://maps.google.com/?cid=5470316389631536933,,
Gaziantep,Eşgili Restoran | Yöresel Gaziantep Yemekleri,Restoran,Lokanta,4.6,1923,"Yaprak, Kep Kep Sok. No:4 D:A, 27080 Şehitkamil/Gaziantep",+90 501 000 19 27,2,37.0678255,37.3809914,https://maps.google.com/?cid=16639029458599551156,,
Gaziantep,Tadım Lokantası,Restoran,Sulu Yemek,4.4,2143,"Sanayi, Göllüce Cd., 27110 Şehitkamil/Gaziantep",+90 342 235 16 48,2,37.0830524,37.4320338,https://maps.google.com/?cid=7502650046720759054,,
Giresun,DD Çınaraltı (Çıtlakkale),Kebap Restoranı,Kebap,4.5,1044,"Çıtlakkale Mah. 120 No'lu Sk. No: 2, Çıtlakkale, D:1A, 28100 Giresun Merkez/Giresun",+90 454 505 59 59,2,40.907006200000005,38.366082999999996,https://maps.google.com/?cid=15031638588443377677,,
Giresun,DD Çınaraltı (Gedikkaya),Restoran,Lokanta,4.7,557,"GEDİKKAYA MAH. GAZİ MUSTAFA KEMAL BLV. MY GÜLEN HOME G BLOK NO:218 R, Gedikkaya, 28100 Giresun Merkez/Giresun",+90 454 222 50 50,2,40.9106052,38.425804299999996,https://maps.google.com/?cid=15857030604731539959,,
Giresun,Köz Cağ Kebap Giresun,Restoran,Kebap,4.6,436,"Teyyaredüzü, Aksel Sema Küçük Sokak No:4/ç, 28200 Giresun Merkez/Giresun",+90 535 200 06 86,2,40.9146761,38.3351101,https://maps.google.com/?cid=16104600347795156641,,
Giresun,Çamlıca Lokantası,Restoran,Sulu Yemek,4.5,298,"Nizamiye, Gazi Cd. Altın Han İş Hanı No:84/Z3, 28000 Giresun Merkez/Giresun",+90 454 212 71 94,2,40.916254099999996,38.3889959,https://maps.google.com/?cid=7123876922494717488,,
Giresun,Sandal Kebap,Restoran,Kebap,4.8,94,"Giresun, Teyyaredüzü, Boztekke Cd. 148 sok, 28100 Giresun Merkez/Giresun",+90 555 185 28 00,2,40.9144429,38.333198599999996,https://maps.google.com/?cid=16742311799977598352,,
Giresun,Liman Lokantası,Restoran,Sulu Yemek,4.6,93,"Sultan Selim, Eski Yağcılar Sk. No:18, 28100 Giresun Merkez/Giresun",+90 454 214 18 19,2,40.9178529,38.385017399999995,https://maps.google.com/?cid=6207419040277911134,,
Giresun,LOKANTA MAHIR 1968,Restoran,Sulu Yemek,4.3,50,"Çınarlar, Tepe Sk. No:2, 28100 Giresun Merkez/Giresun",,2,40.916354299999995,38.3901611,https://maps.google.com/?cid=13848254376735175201,,
Gümüşhane,Divan Sofrası 29,Restoran,Sulu Yemek,4.4,589,"Karaer, Hasan Bey Cd. No:18, 29000 Gümüşhane Merkez/Gümüşhane",+90 456 213 04 44,2,40.459177,39.4803964,https://maps.google.com/?cid=5899191346460262429,,
Gümüşhane,Asım baba Lokantası,Restoran,Sulu Yemek,4.3,319,"Cumhuriyet, Aydın Doğan Cd. No:96, 29600 Kelkit/Gümüşhane",+90 456 317 38 70,2,40.1302441,39.4362129,https://maps.google.com/?cid=17442703383112240174,,
Gümüşhane,YaBa Mantı,Aile restoranı,Mantı,4.8,93,"Karaer, Sebahattin Aytaç Cd. No:05, 29000 Gümüşhane Merkez/Gümüşhane",+90 533 207 39 29,2,40.459938199999996,39.4796707,https://maps.google.com/?cid=5173005470249966291,,
Hakkari,Hakkari Sofrası,Restoran,Sulu Yemek,4.3,236,"Bulak Mah. Altay Cad. Ptt Kargo Yanı Boyner aprt zemin kat Merkez/, Bulak, 30000 Hakkâri Merkez/Hakkari",+90 438 211 24 24,2,37.576024000000004,43.7372344,https://maps.google.com/?cid=10917008635834959799,,
Hakkari,Elif Kahvaltı Salonu,Kahvaltı restoranı,Kahvaltı,4.5,101,"şenler oteli altı, Gazi, Bulvar Cd. no36b, 30000 Hakkâri Merkez/Hakkari",+90 438 211 16 16,,37.578452999999996,43.7339154,https://maps.google.com/?cid=13843590509366332603,,
Hakkari,FIRAVÎN&ŞÎV,Restoran,Lokanta,4.9,58,"Bulak, Bulvar Cd. No:5, 30000 Hakkâri Merkez/Hakkari",+90 438 211 01 08,2,37.5774252,43.736175599999996,https://maps.google.com/?cid=10132288674553503519,,
Hatay,Humusçu Nedim Usta,Restoran,Lokanta,4.6,522,"Odabaşı, Gastronomi çarşısı no:3, 31070 Antakya/Hatay",+90 326 215 35 11,2,36.2298374,36.166687200000005,https://maps.google.com/?cid=2074566501315602483,,
Hatay,Umut Et Restaurant,Restoran,Et,4.7,206,"Sosyete Pazarı Yanı, Çekmece, Uğur Mumcu Cd., 31000 Defne/Hatay",+90 530 448 45 99,2,36.1958793,36.1462299,https://maps.google.com/?cid=9737722626150627331,,
Isparta,Uysal Aile Lokantası,Türk restoranı,Sulu Yemek,4.5,1240,"Pirimehmet, 1757. Sk., 32100 Isparta Merkez/Isparta",+90 246 218 60 36,2,37.764652,30.553388,https://maps.google.com/?cid=9271254533163700284,,
Isparta,Tepsi Gaziantep,Restoran,Lokanta,4.3,1003,"Fatih Mahallesi, Ertokuş Caddesi 4511 Sokak No:2/1 Merkez, Fatih, 32100 Merkez/Isparta",+90 246 227 76 76,2,37.781202,30.5411799,https://maps.google.com/?cid=1485507680614687404,,
Isparta,Yaşar Ustanın Yeri,Türk restoranı,Türk restoranı,4.5,491,"SANAYİ MAH. YENİ SANAYİ SİTESİ GÜLKENT DEVLET HASTANESİ ESKİ SSK KARŞISI YENİŞEHİR HASTANE 200M, Sanayi, 32100 Isparta Merkez/Isparta",+90 246 218 09 39,2,37.7742179,30.556162900000004,https://maps.google.com/?cid=258767605591439514,,
Isparta,Bizim Şehir Lokantası,Restoran,Sulu Yemek,4.8,262,"Kutlubey, 1008. Sk. No:15, 32040 Merkez/Isparta",+90 542 611 32 86,2,37.764739,30.555774000000003,https://maps.google.com/?cid=17432282813352337991,,
Isparta,01 ADANA SOFRASI ISPARTA,Restoran,Sulu Yemek,4.8,185,"Yeni Sanayi Sitesi 153. Cd. 1 Isparta Merkez, Sanayi, 32200 Burdur Merkez/Isparta",+90 507 566 00 01,2,37.7740831,30.555545399999996,https://maps.google.com/?cid=5965331956519158690,,
Isparta,Isparta Tabldot Yemek,Restoran,Lokanta,4.6,220,"Sanayi, 3333. Sk., 32200 Isparta Merkez/Isparta",+90 246 232 25 45,2,37.7889943,30.563661399999997,https://maps.google.com/?cid=3449417125628783051,,
Isparta,Şah Safran,Restoran,Lokanta,4.7,153,"Yedişehitler Mahallesi, Hilmi Çakmakçı caddesi, 219/A, ISPARTA/MERKEZ, Yedişehitler, 32000 Merkez/Isparta",+90 246 228 42 28,2,37.7779319,30.5396298,https://maps.google.com/?cid=15905672684178810255,,
Isparta,Bizim Lokanta,Restoran,Sulu Yemek,4.6,104,"Sanayi, 3309. Sk. No:27, 32200 Isparta Merkez/Isparta",+90 246 224 11 13,,37.7856048,30.562608299999994,https://maps.google.com/?cid=6393923911069984126,,
Isparta,NEW KEBAP PİDE LAHMACUN VE IZGARA SALONU,Restoran,Kebap|Lahmacun & Pide,4.5,68,"MUZAFFER TÜRKEŞ MAHALLESİ 215 CADDESİ NO77A25, Muzaffer Türkeş, 32100 merkez/Isparta",+90 532 798 87 32,2,37.778949,30.5217172,https://maps.google.com/?cid=2802822987795486204,,
Mersin,Mersin Hatay restaurant,Türk restoranı,Türk restoranı,4.3,7195,"İnönü Mahallesi, Adnan Menderes Bulvarı Dağıstan II Apartmanı 64/B, İnönü, 33130 Yenişehir/Mersin",+90 324 328 76 55,2,36.779469899999995,34.591465299999996,https://maps.google.com/?cid=11197185798095850402,,
Mersin,Sabah Et Lokantası Mezitli,Restoran,Et|Sulu Yemek,4.3,3021,"Menderes, Gazi Mustafa Kemal Blv. 306/A, 33330 Mezitli/Mersin",+90 324 502 29 29,2,36.7465806,34.5261443,https://maps.google.com/?cid=2652152844070945121,,
Mersin,Remzi Usta,Restoran,Lokanta,4.4,1305,"Bahçe, 4608. Sk., 33010 Akdeniz/Mersin",+90 324 336 01 26,2,36.798582599999996,34.6229429,https://maps.google.com/?cid=11928271183757670560,,
Mersin,Roof | 14 by DİVAN,Restoran,Lokanta,4.5,664,"Akkent, Gazi Mustafa Kemal Blv. No:612, 33200 Yenişehir/Mersin",+90 549 798 15 91,4,36.7664555,34.5550253,https://maps.google.com/?cid=5941554782008489879,,
Mersin,Mersin Destan Restaurant,Restoran,Lokanta,4.3,671,"Palmiye, 1214. Sk. altınoluk ap D:5/A, 33110 Yenişehir/Mersin",+90 543 325 40 48,2,36.7833477,34.6071799,https://maps.google.com/?cid=3283528897838221204,,
Mersin,MİSKET RESTAURANT,Restoran,Et,4.5,442,"Deniz, 19. Cadde NO:16, 33120 Yenişehir/Mersin",+90 530 642 21 33,,36.810647599999996,34.5635069,https://maps.google.com/?cid=14023514648670864019,,
Mersin,antepteyiz mersin,Restoran,Lokanta,4.5,354,"Güvenevler, Dumlupınar Cd. doğan yıldız iş merkezi D:22/C, 33140 Yenişehir/Mersin",+90 324 325 33 27,2,36.782708899999996,34.5870919,https://maps.google.com/?cid=7112397685508173862,,
Mersin,Birecikli Edip Usta,Restoran,Lokanta,4.6,261,"Güvenevler mah. 1903 sokak sandıklı Apt. Altı, Güvenevler, 33000 Yenişehir/Mersin",+90 544 652 22 73,2,36.7838802,34.593235,https://maps.google.com/?cid=8952190905669768381,,
Mersin,Dede Restaurant,Restoran,Lokanta,4.3,359,"Cami Şerif, 5207. Sk. No:5, 33060 Akdeniz/Mersin",+90 507 917 94 92,2,36.7988334,34.630312599999996,https://maps.google.com/?cid=15828474542135264274,,
Mersin,2tike,Aile restoranı,Aile restoranı,4.3,333,"Palmiye, 1214. Sk. No: 1/A, 33110 Yenişehir/Mersin",+90 324 999 64 70,2,36.7818153,34.6080568,https://maps.google.com/?cid=15733831019067624226,,
İstanbul,Gülhane Şark Sofrası,Türk restoranı,Sulu Yemek,4.8,2668,"Alemdar, Alayköşkü Cd. No:22, 34110 Fatih/İstanbul",,2,41.010702900000005,28.977706599999998,https://maps.google.com/?cid=3233183909435422335,,
İstanbul,Mahir Lokantası,Kebap Restoranı,Kebap|Sulu Yemek,4.4,4167,"Cumhuriyet, Tavukçu Fethi Sok. 28/B, 34380 Şişli/İstanbul",+90 212 234 93 94,2,41.0529279,28.9871923,https://maps.google.com/?cid=15609325489437873707,,
İstanbul,Buyruk Esnaf Lokantası | 1980'den Bugüne | Lezzet Adresi | Osmanlı Mutfağı | Sirkeci Lokanta,Restoran,Sulu Yemek,4.4,3931,"Hoca Paşa, Hocapaşa Camii Sok. No:12 D:12, 34112 Fatih/İstanbul",+90 542 118 00 37,2,41.013826699999996,28.9760457,https://maps.google.com/?cid=1588222413525053155,,
İstanbul,Hacı Abdullah Lokantası,Restoran,Sulu Yemek,4.4,2545,"Hüseyinağa, Atıf Yılmaz Cd. No:9/A, 34435 Beyoğlu/İstanbul",+90 212 293 85 61,2,41.0354047,28.980224999999997,https://maps.google.com/?cid=6085674526159171253,,
İstanbul,Lale Lokantası,Restoran,Sulu Yemek,4.4,1911,"Piri Paşa, Müze Sk. No:8, 34445 Beyoğlu/İstanbul",+90 212 369 49 49,2,41.0425034,28.950021500000002,https://maps.google.com/?cid=10576678593231074791,,
İstanbul,Beyoğlu Esnaf Lokantası,Restoran,Sulu Yemek,4.8,839,"Asmalı Mescit, Orhan Adlı Apaydın Sk. No:11/A, 34430 Beyoğlu/İstanbul",+90 533 055 92 62,2,41.0306092,28.9747095,https://maps.google.com/?cid=3552918629620379836,,
İstanbul,Hatice Anne Ev Yemekleri,Türk restoranı,Sulu Yemek,4.8,762,"Kuzguncuk, Kuzguncuk Çarşı Cd No:4 D:1, 34674 Üsküdar/İstanbul",+90 534 672 29 52,2,41.036414799999996,29.029691699999997,https://maps.google.com/?cid=13701953403335035769,,
İstanbul,Lokanta İMREN,Restoran,Sulu Yemek,4.6,982,"Valide-i Atik, Miroğlu Sk. 10/A, 34664 Üsküdar/İstanbul",+90 216 341 19 79,2,41.020204,29.030785,https://maps.google.com/?cid=1407808212732078034,,
İstanbul,Osmanlı Mutfağı Beyazıt,Türk restoranı,Türk restoranı,4.8,642,"Mimarhayrettin Mahallesi, Beyazıt, Gedikpaşa Cd. No:26/A, 34126 Fatih/İstanbul",+90 501 531 84 72,2,41.0076152,28.9671104,https://maps.google.com/?cid=7609826788177290889,,
İstanbul,Hanımeli Ev Yemekleri,Restoran,Sulu Yemek,4.7,532,"Cihangir, Ağa Hamamı Sk. No:6-a, 34433 Beyoğlu/İstanbul",,2,41.0317429,28.982196599999998,https://maps.google.com/?cid=4609703303265471770,,
İzmir,Esnaf Lokantası Mahmut Usta,Restoran,Sulu Yemek,4.3,1001,"Konak, 876. Sk. No:45, 35250 Konak/İzmir",+90 232 484 54 83,2,38.4208101,27.133309099999998,https://maps.google.com/?cid=13082727787502040212,,
Kastamonu,Bakıray Mantı Salonu,Restoran,Mantı,4.9,292,"Hepkebirler, Adalet Cd. No:13 D:B, 37100 Kastamonu Merkez/Kastamonu",+90 545 502 02 37,2,41.3765271,33.7747472,https://maps.google.com/?cid=16737180883985458079,,
Kastamonu,Aşçı İhsan Usta,Restoran,Lokanta,4.3,422,"Topçuoğlu Mahallesi Vali Enis Paşa Caddesi N0 21/B, Topçuoğlu, Vali Enis Paşa Sk. no:21, 37100 Kastamonu Merkez/Kastamonu",+90 534 088 18 28,2,41.3794533,33.7763124,https://maps.google.com/?cid=17004723225101007534,,
Kastamonu,Kastamonu Mantı Evi,Restoran,Mantı,4.7,176,"Topçuoğlu, Cumhuriyet Sk. NO:7/C, 37100 Kastamonu Merkez/Kastamonu",+90 552 352 25 25,2,41.3800983,33.777321199999996,https://maps.google.com/?cid=12805169559916461992,,
Kastamonu,Kuzeyin Yıldızı Sinop Mantısı,Mantıcı,Mantı,5,125,"Hepkebirler, Mahkemealtı Sk. No:5, 37100 Kastamonu Merkez/Kastamonu",+90 544 212 55 57,2,41.378014,33.773081,https://maps.google.com/?cid=2899305355905586930,,
Kastamonu,Hanımeli Restoran,Restoran,Lokanta,4.6,113,"Cebrail, Şht. Cemal Tepeli Sk. No:9, 37100 Kastamonu Merkez/Kastamonu",+90 533 424 08 28,2,41.379324800000006,33.7783237,https://maps.google.com/?cid=6554644158162502322,,
Kastamonu,Şehr-i Hisar,Aile restoranı,Aile restoranı,4.7,74,"Hisarardı Mahallesi, Şeyh Şaban-ı Veli Caddesi, Hisarardı, Aşağı Yol Sk., 37100 Kastamonu Merkez/Kastamonu",+90 545 551 19 96,2,41.374761199999995,33.7661653,https://maps.google.com/?cid=16795593168747775173,,
Kastamonu,Boğaziçi Lokantası,Restoran,Sulu Yemek,4.3,92,"Topçuoğlu, 37100 Kastamonu Merkez/Kastamonu",,2,41.378267799999996,33.775461199999995,https://maps.google.com/?cid=4513014927538190155,,
Kastamonu,Damak Tadım Restoran,Restoran,Lokanta,4.6,68,"Kuzeykent mah.kazım karabekir cad, Kuzeykent, toplu İş Merkezi 22/I, 37100 Kastamonu Merkez/Kastamonu",+90 366 215 87 87,1,41.4270426,33.7775913,https://maps.google.com/?cid=4637921491706701958,,
Kayseri,Ekrem usta adana sofrası Talas,Restoran,Sulu Yemek,4.8,693,"Yenidoğan, Timuçin Cd. 23 / A, 38280 Talas/Kayseri",+90 352 502 72 60,2,38.6978769,35.5437606,https://maps.google.com/?cid=3903268483771197634,,
Kayseri,UstaŞef Et Lokantası,Restoran,Et|Sulu Yemek,4.5,771,"Erenköy, Billur Bağları Cd. No:1/B, 38050 Melikgazi/Kayseri",+90 352 502 88 00,2,38.693737,35.513751899999995,https://maps.google.com/?cid=12698461388233484878,,
Kayseri,Elvan Lokantası,Restoran,Sulu Yemek,4.3,970,"Sahabiye, Teoman Sk. No:8, 38010 Kocasinan/Kayseri",+90 352 222 61 06,2,38.7238889,35.491111100000005,https://maps.google.com/?cid=608192832685483796,,
Kayseri,Taç Beyzade Mangal ve Döner,Restoran,Döner,4.9,288,"Yıldırım Beyazıt, Şenköşe Cd. No:3 D:F, 38030 Melikgazi/Kayseri",+90 540 352 38 36,2,38.7283347,35.533131399999995,https://maps.google.com/?cid=621848085500050072,,
Kayseri,ALTINBAŞ KELLE PÖÇ TANDIR. ÇORBA,Restoran,Çorba,4.6,280,"Camikebir mahallesi eski postane sokak, Cumhuriyet, Cami karşısı no 11 A, 38150 Melikgazi/Kayseri",+90 537 667 05 05,2,38.7206742,35.4859193,https://maps.google.com/?cid=11824142516231445618,,
Kırklareli,Birtat Köftecisi,Restoran,Köfte,4.5,2745,"Taşkın Apt, Karacaibrahim, Mustafa Kemal Blv. No:13, 39100 Kırklareli Merkez/Kırklareli",+90 288 214 01 63,2,41.73362900000001,27.225207899999997,https://maps.google.com/?cid=13788522532553411409,,
Kırklareli,Ayan Kardeşler Köftecisi,Restoran,Köfte,4.5,2540,"Karacaibrahim, Cumhuriyet Meydanı No:11, 39000 Kırklareli Merkez/Kırklareli",+90 288 214 96 95,2,41.7358511,27.2242537,https://maps.google.com/?cid=14442107293668434672,,
Kırklareli,Volkan Et Mangal Kır Lokantası,Restoran,Sulu Yemek,4.5,995,"Karakaş, Kavaklı Cd. No:63, 39000 Kırklareli Merkez/Kırklareli",+90 288 214 07 39,,41.7174998,27.2131217,https://maps.google.com/?cid=16654830344399427412,,
Kırklareli,Green Chef Lezzet Dünyasi,Restoran,Lokanta,4.3,1229,"Karakaş, Hasan Paşa Cd. No:28, 39060 Kırklareli Merkez/Kırklareli",+90 288 214 14 04,2,41.7335821,27.2203133,https://maps.google.com/?cid=1898940942955532207,,
Kırklareli,Küçük Mustafa Köftecisi,Restoran,Köfte,4.5,796,"Karacaibrahim, 39000 Kırklareli Merkez/Kırklareli",+90 288 212 76 12,2,41.734879,27.224504999999997,https://maps.google.com/?cid=3307395321075281700,,
Kırklareli,Damak Döner,Türk restoranı,Döner,4.4,413,"Karakaş, 39020 Kırklareli Merkez/Kırklareli",+90 288 214 56 82,2,41.733875499999996,27.220227,https://maps.google.com/?cid=8756414227286314917,,
Kırklareli,Gürdallar Restaurant,Restoran,Lokanta,4.5,283,"Cumhuriyet Cad, Şükrü Naili Cd. No:12, 39010 Kırklareli Merkez/Kırklareli",+90 288 214 81 44,2,41.734897,27.224235399999998,https://maps.google.com/?cid=10466555395109832587,,
Kırklareli,Esnaf Sanatkar Odası Düğün Salonu,Düğün Salonu,Sulu Yemek,4.3,238,"Karakaş, 11. Kavaklı Sk. No:3, 39010 Kırklareli Merkez/Kırklareli",,,41.7207467,27.2125608,https://maps.google.com/?cid=1004608577415673445,,
Kırklareli,Kırklareli Değirmen Çorba,Restoran,Çorba,4.5,181,"Karakaş, Gazhane Sk. No:78, 39000 Kırklareli Merkez/Kırklareli",+90 546 288 39 10,2,41.7282386,27.2188351,https://maps.google.com/?cid=11168803102150851061,,
Kırklareli,Tarihi Şar Lokantası 1933,Restoran,Sulu Yemek,4.4,137,"Karakaş, Fevzi Çakmak Blv. No:35/D, 39100 Marmara Bölgesi/Kırklareli Merkez/Kırklareli",+90 288 212 20 40,2,41.7338556,27.2211397,https://maps.google.com/?cid=685583304044123097,,
Kırşehir,Kardeşler Et Mangal,Restoran,Lokanta,4.6,323,"Medrese, 58. Sk. No:5 D:10, 40200 Kırşehir Merkez/Kırşehir",+90 534 728 38 40,2,39.1457579,34.164145999999995,https://maps.google.com/?cid=15897168302470587314,,
Kırşehir,Qümes Kırşehir,Restoran,Lokanta,4.8,208,"Yenice, Gazi Osman Paşa Blv. No:8/A, 40200 Kırşehir Merkez/Kırşehir",+90 530 933 38 40,2,39.1387554,34.1601169,https://maps.google.com/?cid=7030210538438049771,,
Kırşehir,Elisa Yemek Çorbacım Şahin Usta,Aile restoranı,Çorba,5,101,"Şehit, Ahievran, Bekir Korkmaz Cd No:17 b, 40100 Kırşehir Merkez/Kırşehir",+90 545 635 72 42,,39.1486825,34.1611329,https://maps.google.com/?cid=843148153273162263,,
Kırşehir,ÖMER USTA ET LOKANTASI KIRŞEHİR ŞUBESİ,Restoran,Sulu Yemek,4.3,166,"Yenice, Dr. Sadık Ahmet Blv., 40100 Kırşehir Merkez/Kırşehir",+90 386 214 03 86,2,39.134798499999995,34.169944,https://maps.google.com/?cid=18287566112394674638,,
Kırşehir,MEHMET USTA,Restoran,Lokanta,4.4,135,"Ahievran Mah Aşık Paşa Bulvarı Ahievran, Aşıkpaşa, lise caddesi apt No:13/B, 40100 Kırşehir Merkez/Kırşehir",+90 386 213 82 12,2,39.1471994,34.162381499999995,https://maps.google.com/?cid=9546449257140094694,,
Kırşehir,Dürümcümm,Türk restoranı,Döner,5,59,"istenbul apart, Kuşdilli, sebze pazar yeri yanı altı, 40150 Kırşehir Merkez/Kırşehir",+90 545 991 00 40,1,39.1422899,34.1569052,https://maps.google.com/?cid=683002411261486166,,
Kocaeli,Çınar Lokantası,Restoran,Sulu Yemek,4.3,422,"Ömerağa, Şahabettin Bilgisu Cd. No:38, 41040 İzmit/Kocaeli",+90 262 321 96 94,2,40.762185099999996,29.9295386,https://maps.google.com/?cid=17361134190576033342,,
Kocaeli,Huzur Esnaf Lokantası,Restoran,Sulu Yemek,4.3,245,"Kadıköy, Turan Güneş Cd. No:224 D:3A, 41060 İzmit/Kocaeli",+90 262 322 46 48,2,40.771285999999996,29.9491062,https://maps.google.com/?cid=11781395261071730130,,
Kütahya,Fesleğen Restoran,Restoran,Lokanta,4.6,5518,"Servi, Merkez Sk. No:29, 43030 Kütahya Merkez/Kütahya",+90 274 231 43 43,2,39.4234435,29.9874531,https://maps.google.com/?cid=8215492075594332120,,
Kütahya,Refika Tesisleri (Ballı Kaymaklı Gözleme),Kahvaltı restoranı,Kahvaltı,4.4,3874,"Kütahya-Eskişehir Karayolu 5. Km, İnköy, 43100 Kütahya Merkez/Kütahya",+90 274 225 10 03,2,39.4509678,30.0115429,https://maps.google.com/?cid=7402248641878484020,,
Kütahya,ETUSTA (BAŞTAŞ GRUP),Restoran,Lokanta,4.4,2061,"KÜTAHYA ESKİŞEHİR KARAYOLU ÜZERİ 8.KM KÜTAHYA ESKİŞEHİR KARAYOLU, Çalca, 43100 Kütahya Merkez/Kütahya",+90 274 666 11 44,2,39.4799376,30.035623899999997,https://maps.google.com/?cid=14335431352176526047,,
Kütahya,Güral Ocakbaşı Restaurant,Restoran,Kebap,4.4,1010,"Zafertepe mevkii, Güral porselen Mağazası yanı, Zafertepe, Afyon Kütahya Yolu 8.km, 43020 Kütahya Merkez/Kütahya",+90 274 227 08 08,,39.378835699999996,30.050538399999994,https://maps.google.com/?cid=17486784258822721007,,
Kütahya,Hünkar Ev Yemekleri / Merkez,Restoran,Sulu Yemek,4.6,720,"Meydan, Mithatpaşa Cd No:30A, 43100 Kütahya Merkez/Kütahya",+90 551 870 07 01,2,39.4221059,29.9847395,https://maps.google.com/?cid=8982951444210465244,,
Kütahya,Gastro KEYF,Restoran,Lokanta,4.4,902,"İnköy, Kütahya - Eskişehir Yolu 5.Km, 43100 Kütahya Merkez/Kütahya",+90 274 225 06 06,2,39.4580382,30.017486899999998,https://maps.google.com/?cid=12581459648523849836,,
Kütahya,Gastro Kütahya,Aile restoranı,Aile restoranı,4.5,398,"Çalca Mahallesi, Kütahya-Eskişehir Karayolu Bulvarı No:116/3 Çalca Mahallesi, Eskişehir, Karayolu Bulvarı No:116/3, 43100 Kütahya Merkez/Kütahya",+90 507 707 73 43,2,39.4690917,30.027557299999998,https://maps.google.com/?cid=573429778311475140,,
Kütahya,Bulvar Çorba,Restoran,Çorba,4.8,254,"Yıldırım Beyazıt Mahallesi Atatürk Bulvarı, Aytemiz Petrol, Yıldırım Beyazıt, Karşısı No:62 D:C, 43020 Kütahya Merkez/Kütahya",+90 532 679 00 43,2,39.426080299999995,29.9909839,https://maps.google.com/?cid=1075559845032508338,,
Kütahya,Cumhuriyet Lokantası,Restoran,Et|Sulu Yemek,4.3,392,"Fuatpaşa, 43030 Kütahya Merkez/Kütahya, Türkiye",+90 274 231 68 60,2,39.4282778,29.972191700000003,https://maps.google.com/?cid=4058415836064568381,,
Kütahya,Pideco - Pide ve Lahmacun,Restoran,Lahmacun & Pide,4.5,226,"Servi, Atatürk Blv. 71/A, 43030 Kütahya Merkez/Kütahya",+90 274 502 28 88,2,39.4235232,29.988393700000003,https://maps.google.com/?cid=16507023873921209818,,
Malatya,Hacı Baba Et Lokantası 1942,Restoran,Et|Sulu Yemek,4.4,5249,"Ankara asfaltı 7.km, Divalin otel arkasi, Yakınca, Şht. Mürsel Karataş Cd. Malatya saray havuzbasi tesisleri No:25, 44100 Yeşilyurt/Malatya",+90 536 371 47 44,2,38.3338137,38.227771700000005,https://maps.google.com/?cid=9103716259334778004,,
Malatya,Kebap 50 Nc,Kebap Restoranı,Kebap,4.3,2194,"Göztepe, Recai Kutan Cd., 44050 Merkez/Malatya",+90 422 311 17 57,2,38.3611315,38.334421,https://maps.google.com/?cid=4927652703950647766,,
Malatya,Hünkar Sofrası,Restoran,Sulu Yemek,4.3,665,"Nakliyatçılar Sitesi Dilek Yolu D:1, Galericiler Sitesi Karşısı, Yeşiltepe,, Malatya Merkez, Malatya, Hoca Ahmet Yesevi, 44900 yeşiltepe/Yeşilyurt/Malatya",+90 422 336 55 77,2,38.3777389,38.276576299999995,https://maps.google.com/?cid=3225401825269144430,,
Malatya,LEZZET OCAKBAŞI,Restoran,Lokanta,4.4,261,"İnönü, Kömür Tevzi Yolu Cd. 5. Sk. 1. Ar. No:4, 44070 Malatya Merkez/Malatya",+90 530 814 44 63,2,38.352677199999995,38.2916619,https://maps.google.com/?cid=12563317696454431344,,
Kahramanmaraş,Hacı Milcan Et Lokantası,Restoran,Et|Sulu Yemek,4.5,2074,"Bahçelievler, Hoca Ahmet Yesevi Blv. No:7/A, 46100 Dulkadiroğlu/Kahramanmaraş",+90 532 401 86 15,2,37.5708653,36.9335376,https://maps.google.com/?cid=16454406070828637699,,
Kahramanmaraş,FAHRİ USTA PAÇA & ÇORBA,Çorbacı,Çorba,4.3,1578,"Şehit Abdullah Çavuş, 66012. Sk. Önder Sitesi No:4/E, 46050 Onikişubat/Kahramanmaraş",+90 344 215 35 35,2,37.5810069,36.8846296,https://maps.google.com/?cid=2355365176299573386,,
Kahramanmaraş,Şef Osman,Restoran,Lokanta,4.7,566,"Menderes mah. Trabzon Bulvarı, Menderes, 46001. Sk. No:82/1, 46100 Dulkadiroğlu/Kahramanmaraş",+90 533 370 00 76,2,37.5731986,36.9351092,https://maps.google.com/?cid=10327984628525941931,,
Kahramanmaraş,Fidan Paça Üniversite Yolu Şubesi,Restoran,Çorba,4.3,873,"Yamaçtepe, Turgut Özal Blv., 46050 Onikişubat/Kahramanmaraş",+90 533 611 71 32,2,37.5890543,36.8435262,https://maps.google.com/?cid=486480301563690111,,
Kahramanmaraş,Tekir Dostlar et Lokantası,Restoran,Et|Sulu Yemek,4.3,487,"Tekir dostlar et lokantası, Şahinkaya mahallesi, hocalar sokak, 46000 Onikişubat/Kahramanmaraş",+90 505 573 67 89,2,37.811879499999996,36.6762977,https://maps.google.com/?cid=12057026109473288817,,
Kahramanmaraş,Katiphan Maraj Restoran,Restoran,Lokanta,4.3,292,"Kuruluş, 42015. Sk. No:73, 46100 Dulkadiroğlu/Kahramanmaraş",+90 530 335 50 46,,37.5840179,36.9270644,https://maps.google.com/?cid=8672324017976777195,,
Mardin,Hamdani Restaurant - Her Akşam Sıra Gecesi,Restoran,Lokanta,4.8,8452,"Diyarbakır Kapı, Mah.1 Cad No:455, 47100 Artuklu/Mardin",+90 542 188 03 05,4,37.3130774,40.7304572,https://maps.google.com/?cid=16787039775747713971,,
Mardin,Sevenler Lokantası,Restoran,Sulu Yemek,4.3,127,"Ofis, 47060 Mardin Merkez/Mardin",,2,37.280034,40.6930619,https://maps.google.com/?cid=13858482978929149088,,
Mardin,Kebapçı Yusuf Dayı,Kebap Restoranı,Kebap,4.6,89,"Çabuk mahallesi Mardin-Midyat yolu üzeri KYK kız yurdu karşısı, Çabuk, 47100 Artuklu/Mardin",+90 552 868 12 47,2,37.320909300000004,40.7287888,https://maps.google.com/?cid=15504193394116308755,,
Mardin,NARZELİ OCAKBAŞI,Restoran,Lokanta,4.6,71,"Diyarbakır Kapı, 1. Cadde ANTİKKENT AVM NO:329/07, 47400 Artuklu/Mardin",+90 547 347 47 77,2,37.313899899999996,40.728147199999995,https://maps.google.com/?cid=5840222298057778639,,
Muğla,Sini Muğla Restaurant,Restoran,Lokanta,4.5,1595,"Muslihittin, Atatürk Blv. No:37A-B, 48000 Menteşe/Muğla",+90 252 213 07 12,2,37.210976,28.356203999999998,https://maps.google.com/?cid=4768884750932052547,,
Muğla,Gastro Muğla müze restoran,Restoran,Lokanta,4.6,638,"Şeyh, Şeyh Cami Sk. no:3, 48000 Menteşe/Muğla",+90 544 951 08 28,2,37.217929399999996,28.365415600000002,https://maps.google.com/?cid=10216768217783218971,,
Muğla,Meşhur Muğla Köftecisi Zafer'in Yeri,Restoran,Köfte,4.4,454,"Şeyh, Kocahan Gç. No:7, 48000 Muğla Merkez/Muğla",+90 252 212 78 61,2,37.2177217,28.365078099999998,https://maps.google.com/?cid=14047361395360786849,,
Muğla,Esnaf Marmaris,Restoran,Sulu Yemek,4.9,204,"Kemeraltı, 58. Sk. No:5/B, 48700 Marmaris/Muğla",+90 535 330 14 39,2,36.853891,28.269689800000002,https://maps.google.com/?cid=2890221024837025978,,
Muğla,Muğla Lokantası,Restoran,Sulu Yemek,4.5,324,"Şeyh, İsmet İnönü Cd. 21 A, 48000 Muğla Merkez/Muğla",,2,37.217563999999996,28.365399,https://maps.google.com/?cid=2632380661616395329,,
Muğla,HASAN ŞEF - Grill House,Barbekü restoranı,Barbekü restoranı,4.9,178,"Orhaniye, Pazaryeri Sk. No:96 D:c, 48000 Menteşe/Muğla",+90 501 146 35 35,2,37.2155888,28.3684918,https://maps.google.com/?cid=543217026956905514,,
Muğla,Lezzet Lokantası,Restoran,Et|Sulu Yemek,4.7,176,"Emirbeyazıt, Uğur Mumcu Blv. 16/B, 48000 Menteşe/Muğla",+90 535 549 20 94,2,37.20653,28.367825,https://maps.google.com/?cid=11662929240298038294,,
Muğla,Bahane Lokantası,Restoran,Sulu Yemek,4.4,217,"A 2, Muslihittin, Cevdet Nasuhi Savran Sk., 48000 Menteşe/Muğla",+90 252 214 69 55,2,37.210405099999996,28.357129099999998,https://maps.google.com/?cid=2240924243111318941,,
Muğla,Esnaf Lokantası,Restoran,Sulu Yemek,4.3,200,"Tuzla, Mustafa Kemal Blv. No:23, 48300 Fethiye/Muğla",+90 252 612 99 60,2,36.6254536,29.1247574,https://maps.google.com/?cid=11449827262209472474,,
Muğla,Lokanta Çiçek,Restoran,Sulu Yemek,4.8,97,"Orhaniye, 126. Sk. No:38, 48000 Menteşe/Muğla",+90 554 181 48 00,2,37.1986166,28.371580899999998,https://maps.google.com/?cid=3711356421984642082,,
Muş,MUŞ YENİ SAĞLIK LOKANTASI,Restoran,Sulu Yemek,4.5,67,"muş- bitlis yolu üzeri devlet hastanesi karşısı merkez-muş, Yeni, 49100 Muş Merkez/Muş",+90 436 212 23 00,,38.7452003,41.5184122,https://maps.google.com/?cid=10985572378475434533,,
Sakarya,Pehlivan Et Lokantası,Restoran,Et|Sulu Yemek,4.6,3291,"TOTAL PETROL YANI, Hanlıköy, Eskişehir Cd. NO:38, 54000 Arifiye/Sakarya",+90 533 145 08 08,2,40.729572,30.3823191,https://maps.google.com/?cid=4961099966907079466,,
Sakarya,Hacı Arif Lokantası,Türk restoranı,Sulu Yemek,4.4,3041,"Güllük, Adnan Menderes Cd. No:177, 54100 Adapazarı/Sakarya",+90 264 276 16 77,2,40.7601328,30.390265699999993,https://maps.google.com/?cid=1639299656058621239,,
Sakarya,Konya SELÇUKLU MUTFAĞI,Restoran,Lokanta,4.4,762,"No:, Yenidoğan, Yeni Bosna Cd. No:79, 54100 Adapazarı/Sakarya",+90 264 777 28 00,2,40.7701944,30.3961685,https://maps.google.com/?cid=11506014773052877582,,
Sakarya,Vatansever Et Lokantası,Restoran,Et|Sulu Yemek,4.8,363,"Erenler, 1093. Sk No: 1/A, 54200 Erenler/Sakarya",+90 540 151 54 54,2,40.7498795,30.4103302,https://maps.google.com/?cid=2797321497389590329,,
Sakarya,Bahadır Ev Yemekleri,Restoran,Sulu Yemek,4.3,542,"Erenler, Murat Soğancıoğlu Cd, 54200 Erenler/Sakarya",,2,40.7492891,30.4143257,https://maps.google.com/?cid=1053637905596847199,,
Sakarya,Bahadır Ev Yemekleri,Çok Amaçlı Salon,Sulu Yemek,4.3,525,"Selahiye, Çark Cd., 54050 Serdivan/Sakarya",,,40.775947099999996,30.3830076,https://maps.google.com/?cid=14909350328706657694,,
Sakarya,UĞUR KORU LOKANTASI,Restoran,Sulu Yemek,4.4,448,"Orta, Ankara Cd. No:10, 54100 Adapazarı/Sakarya",+90 264 278 08 07,2,40.778732999999995,30.403372999999995,https://maps.google.com/?cid=6205876245544055889,,
Sakarya,Hünkâr Konya Sofrası,Restoran,Sulu Yemek,4.5,286,"İstiklal, Muhsin Yazıcıoğlu Blv. No:45/D, 54050 Serdivan/Sakarya",+90 546 514 84 84,2,40.765119899999995,30.3715321,https://maps.google.com/?cid=12408090262716256605,,
Sakarya,SAKARYA DONATIM SEMT LOKANTASI,Restoran,Sulu Yemek,4.4,301,"Mithatpaşa, Harmanlık Sk. No:10, 54100 Adapazarı/Sakarya",+90 545 465 58 31,2,40.7694931,30.390700499999994,https://maps.google.com/?cid=2654482121580130580,,
Samsun,OGUZUSTAM,Restoran,Lokanta,4.8,523,"kale mahallesi kazım paşa caddesi no:47İlkadım, Kale, 55080 İlkadım/Samsun",+90 546 126 49 40,2,41.2944046,36.3322759,https://maps.google.com/?cid=3901007886141627554,,
Samsun,Et Lokantası,Restoran,Et|Sulu Yemek,4.3,439,"Karadeniz, İstiklal Cd. No:123, 55060 İlkadım/Samsun",+90 362 233 28 64,2,41.283208699999996,36.337204199999995,https://maps.google.com/?cid=9816206495590847995,,
Şanlıurfa,Şanlıurfa İrfan Sofrası,Restoran,Sulu Yemek,4.5,2960,"Sancaktar, Mevlana Cd. no:50, 63040 Haliliye/Şanlıurfa",+90 541 950 41 38,2,37.1518936,38.807021999999996,https://maps.google.com/?cid=17249164127605109462,,
Şanlıurfa,Derdo Usta Ocakbaşı,Aile restoranı,Kebap,4.9,840,"Atatürk, 10. Sk. No:2, 63100 Merkez, Derdo Usta, Atatürk, 63440 Haliliye/Şanlıurfa",+90 542 545 87 22,2,37.1569729,38.790753599999995,https://maps.google.com/?cid=4964752525204798317,,
Şanlıurfa,Hanehan Restaurant,Restoran,Lokanta,4.8,555,"Kurtuluş, Kazancı Bedih Sk. No:3, 63000 Eyyübiye/Şanlıurfa",+90 505 414 44 14,2,37.1497928,38.7913269,https://maps.google.com/?cid=10062408642564054786,,
Şanlıurfa,Birecik Ev Yemekleri,Restoran,Sulu Yemek,4.9,232,"Birecik İlçe Stadı Karşısı, Bellona Mağazası Yanı, Meydan, 63400 Birecik/Şanlıurfa",+90 538 668 26 80,2,37.018695099999995,37.9738775,https://maps.google.com/?cid=13582010415707378005,,
Şanlıurfa,Kahvaltı Keyfi & Yöresel Ev Yemekleri,Kahvaltı restoranı,Kahvaltı|Sulu Yemek,4.4,239,"Yenişehir, Recep Tayyip Erdoğan Blv. No: 47/A, 63200 Haliliye/Şanlıurfa",+90 414 315 50 01,2,37.1659986,38.8063467,https://maps.google.com/?cid=15461825780357124872,,
Yozgat,Zafer Türk Mutfağı,Restoran,Lokanta,4.4,7750,"Adnan Menderes Bulvarı Adliye Sarayı Karşısı, Şeyh Osman, 66200 Yozgat Merkez/Yozgat",+90 354 333 33 33,2,39.818263699999996,34.797454,https://maps.google.com/?cid=7404305914070017022,,
Yozgat,YOZGAT TANDIR EVİ AKİF USTANIN YERİ,Restoran,Lokanta,4.7,174,"Medrese, Yazar Abbas Sayar Sk. ASKERİ GAZİNO ARKASI NO:1 MERKEZ, 66200 Yozgat Merkez/Yozgat",+90 541 217 58 43,2,39.821891799999996,34.809926499999996,https://maps.google.com/?cid=18245464599113326141,,
Yozgat,Yayla Lokantası,Restoran,Sulu Yemek,4.5,208,"medrese mahallesi eski üzüm pazarı aralığı, Medrese, 66100 Yozgat Merkez/Yozgat",+90 354 212 11 41,2,39.8215648,34.8074976,https://maps.google.com/?cid=8276593904960088714,,
Yozgat,Tarihi çapanoğlu çorbacısı,Çorbacı,Çorba,4.7,58,"çay apartmanı tarihi Çapanoğlu corbacısı, İstanbulluoğlu, Müze Cd. no7/D, 66100 Yozgat Merkez/Yozgat",+90 552 530 19 78,2,39.8222058,34.8052661,https://maps.google.com/?cid=8560083832452310995,,
Kırıkkale,Göztepe pide,Orta Doğu Restoranı,Lahmacun & Pide,4.8,1255,"Hüseyin Kahya, Barbaros Hayrettin Cd. 104c, 71200 Kırıkkale Merkez/Kırıkkale",+90 318 224 52 77,2,39.845149,33.50678,https://maps.google.com/?cid=16977175779884358777,,
Kırıkkale,Kebapçı Halil Kırıkkale,Kebap Restoranı,Kebap,4.4,1248,"Bağlarbaşı, Alparslan Türkeş Blv No:81/C, 71100 Kırıkkale Merkez/Kırıkkale",+90 318 224 22 22,2,39.852909499999996,33.493713,https://maps.google.com/?cid=17690303515738082055,,
Kırıkkale,Acıktım Usta,Restoran,Lokanta,4.3,302,"Atadönmez, Atatürk Blv. No:40, 71300 Bahşili/Kırıkkale",+90 318 366 16 60,2,39.814455200000005,33.4720501,https://maps.google.com/?cid=4055951992052453160,,
Kırıkkale,Lezzeti Şahane,Restoran,Lokanta,4.6,150,"Hüseyin Onbaşı, 227. Sk. No:1, 71460 Bahşili/Kırıkkale",+90 318 366 17 20,2,39.812849199999995,33.4714727,https://maps.google.com/?cid=12497738921315822504,,
Kırıkkale,Boğaziçi Lokantası,Restoran,Sulu Yemek,4.4,176,"Ovacık, İzmir. Cad./584. Sok. Gökşen Apt. 11/C, 71200 Kırıkkale Merkez/Kırıkkale",+90 318 225 07 05,1,39.84278760000001,33.504409599999995,https://maps.google.com/?cid=15911109034989184422,,
Kırıkkale,Malatya Zırh Kebap,Restoran,Kebap,4.8,67,"Kaletepe, ZÜMRÜT KALE BLV NO 119 B, 71400 Kırıkkale Merkez/Kırıkkale",+90 532 766 68 05,2,39.852716799999996,33.508486600000005,https://maps.google.com/?cid=2353968520627617015,,
Kırıkkale,Ali chef esnaf lokantası ve catering,Restoran,Sulu Yemek,4.5,61,"Erenler, Alpaslan Sk. no:9 71450, 71450 Karacaali/Yahşihan/Kırıkkale",+90 505 741 72 71,2,39.861601,33.4623308,https://maps.google.com/?cid=13067109927761572230,,
